modelo,covariancia,termo,coef,erro_padrao,estatistica,p,ci95_inf,ci95_sup
P1_HHI_norm_externo,cluster_municipio,Intercept,0.11131726476221936,0.3924664811946882,0.2836350875706987,0.7766900449127212,-0.6579029035185359,0.8805374330429746
P1_HHI_norm_externo,cluster_municipio,log_populacao_siconfi,0.018298979832845206,0.007047175511130252,2.5966402857348942,0.009414045461401607,0.0044867696382972656,0.03211119002739315
P1_HHI_norm_externo,cluster_municipio,log_despesa_pc,-0.0078593834667725,0.03940766015066262,-0.19943796299309968,0.8419201667351113,-0.08509697807706551,0.06937821114352052
P1_HHI_norm_externo,HC3,Intercept,0.11131726476221936,0.38516698109076364,0.2890104038694525,0.7725734160001032,-0.6435961462096974,0.8662306757341361
P1_HHI_norm_externo,HC3,log_populacao_siconfi,0.018298979832845206,0.006244745061328887,2.9303005411963396,0.0033863431210052067,0.006059504420006218,0.030538455245684194
P1_HHI_norm_externo,HC3,log_despesa_pc,-0.0078593834667725,0.039239877131709365,-0.2002907256919367,0.8412532154196004,-0.08476812940269973,0.06904936246915475
P2_HHI_norm_carteira,cluster_municipio,Intercept,0.09039808710026162,0.39165828697515775,0.23080856477829467,0.8174635271444669,-0.6772380496177005,0.8580342238182238
P2_HHI_norm_carteira,cluster_municipio,log_populacao_siconfi,0.01780846477630389,0.00723198850206843,2.4624575621505023,0.013798850172588348,0.0036340277756419914,0.031982901776965784
P2_HHI_norm_carteira,cluster_municipio,log_despesa_pc,0.015279976296074946,0.03927363098380897,0.38906451767534056,0.6972284204572183,-0.06169492597430701,0.0922548785664569
P2_HHI_norm_carteira,cluster_municipio,log_n_fornecedores,-0.07035206195631666,0.01273281808759533,-5.5252546193882734,3.290081140053918e-08,-0.09530792682970367,-0.04539619708292965
P2_HHI_norm_carteira,cluster_municipio,log_instrumentos_por_fornecedor,0.0317546533298263,0.026249500516182352,1.2097240978071226,0.22638477983518712,-0.01969342229405667,0.08320272895370927
P2_HHI_norm_carteira,HC3,Intercept,0.09039808710026162,0.3702310578463281,0.24416667695605154,0.8071017340468438,-0.6352414522367068,0.8160376264372301
P2_HHI_norm_carteira,HC3,log_populacao_siconfi,0.01780846477630389,0.006091818828198261,2.923341169286051,0.003462968494107118,0.005868719272692301,0.029748210279915477
P2_HHI_norm_carteira,HC3,log_despesa_pc,0.015279976296074946,0.03794521305420057,0.4026852155039735,0.6871798115406186,-0.059091274675857286,0.08965122726800717
P2_HHI_norm_carteira,HC3,log_n_fornecedores,-0.07035206195631666,0.012943287126924542,-5.435409202193371,5.467081964070964e-08,-0.09572043856664966,-0.04498368534598365
P2_HHI_norm_carteira,HC3,log_instrumentos_por_fornecedor,0.0317546533298263,0.027738856302426586,1.1447715429798888,0.2523038063490439,-0.022612505995261704,0.08612181265491431
P3_HHI_norm_UF_FE,cluster_municipio,Intercept,-0.021981249465937137,0.38088435255059033,-0.05771108557949362,0.9539787633994854,-0.7685008627399509,0.7245383638080766
P3_HHI_norm_UF_FE,cluster_municipio,C(uf)[T.BA],0.11065289480293675,0.061582389933246114,1.7968269000745494,0.07236310443870124,-0.010046371548127625,0.23135216115400112
P3_HHI_norm_UF_FE,cluster_municipio,C(uf)[T.CE],0.0969551326934394,0.07035311524117721,1.3781213861115877,0.16816581368833616,-0.04093443937946388,0.23484470476634267
P3_HHI_norm_UF_FE,cluster_municipio,C(uf)[T.ES],0.3705465345357832,0.06794061738790044,5.453976557501432,4.925569824270387e-08,0.23738537136808255,0.5037076977034838
P3_HHI_norm_UF_FE,cluster_municipio,C(uf)[T.GO],0.19786184014098496,0.053067733296670326,3.728477322271452,0.0001926402405731007,0.09385099413833409,0.3018726861436358
P3_HHI_norm_UF_FE,cluster_municipio,C(uf)[T.MA],0.036532629426499715,0.06926971453531777,0.5273968526010488,0.5979180287262313,-0.09923351628209381,0.17229877513509323
P3_HHI_norm_UF_FE,cluster_municipio,C(uf)[T.MG],0.2069667693778153,0.06153685932221782,3.363297569251965,0.0007701729732978307,0.0863567413845605,0.3275767973710701
P3_HHI_norm_UF_FE,cluster_municipio,C(uf)[T.MS],0.049267846199029165,0.051727398379363236,0.9524516550726952,0.34086797308603656,-0.05211599163847833,0.15065168403653667
P3_HHI_norm_UF_FE,cluster_municipio,C(uf)[T.MT],0.7556135243854978,0.045776833553823955,16.506461144741582,3.296563400874018e-61,0.6658925792937181,0.8453344694772774
P3_HHI_norm_UF_FE,cluster_municipio,C(uf)[T.PA],0.10082104253024662,0.04641274541023702,2.172270604531165,0.029835257891088752,0.009853733102555357,0.1917883519579379
P3_HHI_norm_UF_FE,cluster_municipio,C(uf)[T.PB],0.3248594687385999,0.17401208015274014,1.8668788307883715,0.06191851070987726,-0.016197941235667923,0.6659168787128678
P3_HHI_norm_UF_FE,cluster_municipio,C(uf)[T.PE],0.1510408536174225,0.05806062806099071,2.601433340658307,0.009283510481487187,0.03724411369810508,0.2648375935367399
P3_HHI_norm_UF_FE,cluster_municipio,C(uf)[T.PI],0.4052526499915754,0.04757043497626905,8.519002405459176,1.6093350215400446e-17,0.31201631070918356,0.49848898927396723
P3_HHI_norm_UF_FE,cluster_municipio,C(uf)[T.PR],0.295455203005644,0.10343508662814332,2.8564311457274356,0.004284329182751158,0.09272615847670254,0.49818424753458546
P3_HHI_norm_UF_FE,cluster_municipio,C(uf)[T.RJ],0.3219519125034146,0.1098285110827408,2.9314056006902227,0.0033743190131195998,0.10669198630558444,0.5372118387012448
P3_HHI_norm_UF_FE,cluster_municipio,C(uf)[T.RS],0.27675151008962995,0.08387411800934925,3.2996056072837763,0.0009682079065970697,0.11236125955624307,0.4411417606230168
P3_HHI_norm_UF_FE,cluster_municipio,C(uf)[T.SC],0.23914910570540715,0.052243834340204964,4.5775565428084715,4.704386550877755e-06,0.1367530719843285,0.3415451394264858
P3_HHI_norm_UF_FE,cluster_municipio,C(uf)[T.SE],0.21853772913705724,0.07333186008406493,2.9801198126780593,0.00288135660880515,0.07480992445295959,0.3622655338211549
P3_HHI_norm_UF_FE,cluster_municipio,C(uf)[T.SP],0.1730336987577963,0.05255755851071693,3.2922704870796706,0.000993819779560803,0.07002277696143452,0.2760446205541581
P3_HHI_norm_UF_FE,cluster_municipio,C(uf)[T.TO],0.14079091190507276,0.09382009887810704,1.5006476606680104,0.13344671711001635,-0.04309310292200377,0.32467492673214926
P3_HHI_norm_UF_FE,cluster_municipio,log_populacao_siconfi,0.019688910871855148,0.0078858724904844,2.4967320858425053,0.012534361659418139,0.004232884803830543,0.03514493693987975
P3_HHI_norm_UF_FE,cluster_municipio,log_despesa_pc,0.0015739441919208645,0.037595305782787546,0.04186544461200982,0.9666059634384134,-0.07211150113011315,0.07525938951395487
P3_HHI_norm_UF_FE,cluster_municipio,log_n_fornecedores,-0.06970734210030849,0.012960881055047679,-5.3782873096548185,7.519774772495295e-08,-0.09511020217610944,-0.04430448202450754
P3_HHI_norm_UF_FE,cluster_municipio,log_instrumentos_por_fornecedor,0.013979171733586362,0.025450037922613862,0.5492790138896038,0.5828139871072019,-0.035901985999915384,0.06386032946708811
P3_HHI_norm_UF_FE,HC3,Intercept,-0.021981249465937137,0.39768463700254925,-0.05527306669831511,0.9559209190159356,-0.8014288151958185,0.7574663162639442
P3_HHI_norm_UF_FE,HC3,C(uf)[T.BA],0.11065289480293675,0.09821709049207926,1.1266154825861021,0.25990509020229724,-0.08184906522784999,0.3031548548337235
P3_HHI_norm_UF_FE,HC3,C(uf)[T.CE],0.0969551326934394,0.11282760174363138,0.8593210455163476,0.3901634162521599,-0.12418290318610671,0.31809316857298553
P3_HHI_norm_UF_FE,HC3,C(uf)[T.ES],0.3705465345357832,0.10515281201397747,3.5238861181052217,0.00042526698441690914,0.16445081011527662,0.5766422589562897
P3_HHI_norm_UF_FE,HC3,C(uf)[T.GO],0.19786184014098496,0.09107777187318054,2.1724492823176855,0.029821791205534246,0.019352687477395963,0.376370992804574
P3_HHI_norm_UF_FE,HC3,C(uf)[T.MA],0.036532629426499715,0.1345530460461594,0.27151098024170284,0.7859980557682524,-0.22718649483413222,0.30025175368713164
P3_HHI_norm_UF_FE,HC3,C(uf)[T.MG],0.2069667693778153,0.09682541357788324,2.137525281121964,0.0325552917242336,0.017192445976968618,0.396741092778662
P3_HHI_norm_UF_FE,HC3,C(uf)[T.MS],0.049267846199029165,0.09290140129296334,0.5303240372409848,0.5958872835807427,-0.1328155544484818,0.23135124684654013
P3_HHI_norm_UF_FE,HC3,C(uf)[T.MT],0.7556135243854978,3.5011152806892256,0.215820806744972,0.8291274290683175,-6.106446331488226,7.617673380259222
P3_HHI_norm_UF_FE,HC3,C(uf)[T.PA],0.10082104253024662,0.09312768848459321,1.0826108128618073,0.2789812058169361,-0.08170587286302161,0.28334795792351486
P3_HHI_norm_UF_FE,HC3,C(uf)[T.PB],0.3248594687385999,0.23682935822963652,1.3717026941550332,0.1701560093744503,-0.13931754387322237,0.7890364813504221
P3_HHI_norm_UF_FE,HC3,C(uf)[T.PE],0.1510408536174225,0.09758485084984278,1.547789972542299,0.1216728715162371,-0.04022193948498223,0.34230364671982727
P3_HHI_norm_UF_FE,HC3,C(uf)[T.PI],0.4052526499915754,0.6065595176211384,0.6681168759513213,0.5040589902358096,-0.783582159025844,1.5940874590089948
P3_HHI_norm_UF_FE,HC3,C(uf)[T.PR],0.295455203005644,0.11661052438540409,2.533692430960593,0.011286775005882965,0.06690277499192224,0.5240076310193658
P3_HHI_norm_UF_FE,HC3,C(uf)[T.RJ],0.3219519125034146,0.14474294571770868,2.2243012321395996,0.02612818387129795,0.03826095188046952,0.6056428731263597
P3_HHI_norm_UF_FE,HC3,C(uf)[T.RS],0.27675151008962995,0.12079139835023597,2.2911524650719413,0.021954597125611333,0.04000471968093655,0.5134983004983233
P3_HHI_norm_UF_FE,HC3,C(uf)[T.SC],0.23914910570540715,0.09128581321459127,2.619783921333147,0.008798549700406583,0.060232199505357714,0.41806601190545656
P3_HHI_norm_UF_FE,HC3,C(uf)[T.SE],0.21853772913705724,0.11005282141442647,1.9857530804604144,0.047060747907363795,0.0028381627677629417,0.43423729550635154
P3_HHI_norm_UF_FE,HC3,C(uf)[T.SP],0.1730336987577963,0.09156199835171967,1.8897981899992735,0.058784955738363336,-0.006424520364090053,0.3524919178796827
P3_HHI_norm_UF_FE,HC3,C(uf)[T.TO],0.14079091190507276,0.1370024147518454,1.0276527764863816,0.30411318890834227,-0.12772888680356326,0.4093107106137088
P3_HHI_norm_UF_FE,HC3,log_populacao_siconfi,0.019688910871855148,0.007212330565608173,2.729895793426504,0.006335434813836598,0.005553002718665732,0.03382481902504456
P3_HHI_norm_UF_FE,HC3,log_despesa_pc,0.0015739441919208645,0.038836942753027785,0.040526984884724414,0.9676729938825378,-0.07454506487365745,0.07769295325749917
P3_HHI_norm_UF_FE,HC3,log_n_fornecedores,-0.06970734210030849,0.013554879299440147,-5.142601461835783,2.7096002085787725e-07,-0.0962744173419987,-0.043140266858618284
P3_HHI_norm_UF_FE,HC3,log_instrumentos_por_fornecedor,0.013979171733586362,0.026246313426710504,0.5326146764429002,0.5943003405269969,-0.03746265730971628,0.065421000776889
P4_CountHHI_norm,cluster_municipio,Intercept,0.019928750167261856,0.04224698436914847,0.47172006392520505,0.6371266139868657,-0.06287381765169577,0.10273131798621947
P4_CountHHI_norm,cluster_municipio,C(uf)[T.BA],0.006940034898495996,0.005737622460255364,1.2095663223869764,0.22644534746029,-0.004305498480492614,0.018185568277484604
P4_CountHHI_norm,cluster_municipio,C(uf)[T.CE],0.006497738558275512,0.006397471351046988,1.0156729435313712,0.3097851564031321,-0.006041074881903386,0.019036551998454408
P4_CountHHI_norm,cluster_municipio,C(uf)[T.ES],0.017389631433588838,0.007697725845299208,2.259060894485897,0.023879597240508525,0.0023023660139392457,0.03247689685323843
P4_CountHHI_norm,cluster_municipio,C(uf)[T.GO],0.01036742208967113,0.005319381872537173,1.9489900026158873,0.051296618639993366,-5.837480051696341e-05,0.020793218979859224
P4_CountHHI_norm,cluster_municipio,C(uf)[T.MA],0.045347502519471,0.03936401281489486,1.152004058445791,0.24931940561366572,-0.03180454488469608,0.12249954992363807
P4_CountHHI_norm,cluster_municipio,C(uf)[T.MG],0.022242954268780535,0.010381802682264279,2.1424944154235583,0.03215371758417363,0.001894994916941218,0.042590913620619855
P4_CountHHI_norm,cluster_municipio,C(uf)[T.MS],0.0031204116745749003,0.006478974220163843,0.48162125184316446,0.6300750264475811,-0.009578144453709716,0.015818967802859515
P4_CountHHI_norm,cluster_municipio,C(uf)[T.MT],-0.005509409774945462,0.0050890664315679434,-1.0825973386336816,0.27898718911354303,-0.015483796695750403,0.004464977145859479
P4_CountHHI_norm,cluster_municipio,C(uf)[T.PA],0.008187298265081308,0.006182196716089278,1.3243348021866916,0.1853918771251457,-0.00392958464379547,0.02030418117395809
P4_CountHHI_norm,cluster_municipio,C(uf)[T.PB],-0.002308360458836617,0.005512961178497212,-0.4187151666948355,0.6754243100267926,-0.013113565816858646,0.008496844899185412
P4_CountHHI_norm,cluster_municipio,C(uf)[T.PE],0.0036080944635097185,0.006195556158207474,0.5823681315082501,0.5603187426225866,-0.00853497247077227,0.01575116139779171
P4_CountHHI_norm,cluster_municipio,C(uf)[T.PI],-0.0008036040739005621,0.005069500518632198,-0.15851740638886105,0.8740491057540474,-0.010739642510026796,0.009132434362225671
P4_CountHHI_norm,cluster_municipio,C(uf)[T.PR],0.006574648780819715,0.0072504051850258025,0.9067974289765597,0.364513929749138,-0.007635884255153325,0.020785181816792755
P4_CountHHI_norm,cluster_municipio,C(uf)[T.RJ],0.0022605588903871062,0.006212790712261893,0.3638556318862548,0.7159658175355283,-0.009916287149131155,0.014437404929905365
P4_CountHHI_norm,cluster_municipio,C(uf)[T.RS],0.005864634724180238,0.005472088481481592,1.0717360919924968,0.2838385849691989,-0.004860461619740158,0.016589731068100633
P4_CountHHI_norm,cluster_municipio,C(uf)[T.SC],0.003320269578149226,0.0057814780988365636,0.5742942412628668,0.5657687054491864,-0.008011219272977542,0.014651758429275992
P4_CountHHI_norm,cluster_municipio,C(uf)[T.SE],0.006355528703595046,0.005198788575331361,1.2225018600972741,0.22151790090146983,-0.0038339096672927193,0.01654496707448281
P4_CountHHI_norm,cluster_municipio,C(uf)[T.SP],0.012885081653595266,0.006667295700482589,1.932579899322993,0.05328797058297124,-0.00018257779362935989,0.025952741100819892
P4_CountHHI_norm,cluster_municipio,C(uf)[T.TO],0.02793613262500741,0.023171717393122526,1.205613384241385,0.22796659607629177,-0.017479598925453088,0.0733518641754679
P4_CountHHI_norm,cluster_municipio,log_populacao_siconfi,0.001272353404507132,0.0008589639584341004,1.4812651823327307,0.1385359226915003,-0.00041118501804166484,0.0029558918270559285
P4_CountHHI_norm,cluster_municipio,log_despesa_pc,0.0005182742862338078,0.0039015481074624035,0.1328381124514436,0.8943214120677907,-0.007128619488342912,0.008165168060810527
P4_CountHHI_norm,cluster_municipio,log_n_fornecedores,-0.018670632136319826,0.003674946031892632,-5.080518727156457,3.764056242270479e-07,-0.02587339400395777,-0.011467870268681884
P4_CountHHI_norm,cluster_municipio,log_instrumentos_por_fornecedor,0.07017923098107826,0.014110213084015501,4.973647850901665,6.570461880010442e-07,0.04252372152222203,0.09783474043993448
P4_CountHHI_norm,HC3,Intercept,0.019928750167261856,0.04689647581741696,0.42495197815824964,0.6708716822393328,-0.07198665343672898,0.11184415377125269
P4_CountHHI_norm,HC3,C(uf)[T.BA],0.006940034898495996,0.010008246226712585,0.6934316703732412,0.4880386929316982,-0.012675767254269563,0.026555837051261556
P4_CountHHI_norm,HC3,C(uf)[T.CE],0.006497738558275512,0.010966189116782779,0.5925247585171862,0.5534992466195836,-0.014995597158273841,0.027991074274824865
P4_CountHHI_norm,HC3,C(uf)[T.ES],0.017389631433588838,0.011528971265400664,1.5083419876131072,0.13146702224721468,-0.005206737025393638,0.03998599989257132
P4_CountHHI_norm,HC3,C(uf)[T.GO],0.01036742208967113,0.009815166106566695,1.056265576874441,0.29084689812893194,-0.008869949981477818,0.029604794160820076
P4_CountHHI_norm,HC3,C(uf)[T.MA],0.045347502519471,0.07690526639052764,0.5896540594397631,0.5554226008567642,-0.10538404982742183,0.19607905486636384
P4_CountHHI_norm,HC3,C(uf)[T.MG],0.022242954268780535,0.013591426557106944,1.636543020360855,0.10172598969643165,-0.004395752281670301,0.04888166081923137
P4_CountHHI_norm,HC3,C(uf)[T.MS],0.0031204116745749003,0.010781978815500809,0.28940992446477565,0.7722677011826298,-0.01801187848588052,0.024252701835030317
P4_CountHHI_norm,HC3,C(uf)[T.MT],-0.005509409774945462,0.17604786790256047,-0.031294953131694996,0.975034315255808,-0.350556890419029,0.33953807086913806
P4_CountHHI_norm,HC3,C(uf)[T.PA],0.008187298265081308,0.011247881757181952,0.7278969002188868,0.46667670084964696,-0.013858144881360416,0.03023274141152303
P4_CountHHI_norm,HC3,C(uf)[T.PB],-0.002308360458836617,0.010047910302475607,-0.22973537674474287,0.8182974033693147,-0.022001902771577767,0.017385181853904533
P4_CountHHI_norm,HC3,C(uf)[T.PE],0.0036080944635097185,0.010084410829281652,0.35778931705489986,0.7205009858322196,-0.01615698756718802,0.02337317649420746
P4_CountHHI_norm,HC3,C(uf)[T.PI],-0.0008036040739005621,0.024990741047031896,-0.03215607221843486,0.9743475873382936,-0.04978455647304988,0.04817734832524876
P4_CountHHI_norm,HC3,C(uf)[T.PR],0.006574648780819715,0.011181320099825363,0.5880029121894473,0.5565303381162918,-0.015340335914451797,0.02848963347609123
P4_CountHHI_norm,HC3,C(uf)[T.RJ],0.0022605588903871062,0.010491014848343742,0.2154757116509076,0.8293964466053205,-0.018301452373641565,0.02282257015441578
P4_CountHHI_norm,HC3,C(uf)[T.RS],0.005864634724180238,0.010021929753303967,0.5851801867047434,0.5584265658489862,-0.013777986647885928,0.025507256096246402
P4_CountHHI_norm,HC3,C(uf)[T.SC],0.003320269578149226,0.010233524546180879,0.32445024811987583,0.745597182872689,-0.016737069967271898,0.023377609123570352
P4_CountHHI_norm,HC3,C(uf)[T.SE],0.006355528703595046,0.009927062099111818,0.6402225190233957,0.5220279446123683,-0.013101155482956706,0.025812212890146798
P4_CountHHI_norm,HC3,C(uf)[T.SP],0.012885081653595266,0.010725218674556353,1.2013817195320033,0.22960316391425484,-0.008135960674851601,0.03390612398204213
P4_CountHHI_norm,HC3,C(uf)[T.TO],0.02793613262500741,0.02972364789483192,0.9398621839368745,0.34728825698438215,-0.03032114673801295,0.08619341198802777
P4_CountHHI_norm,HC3,log_populacao_siconfi,0.001272353404507132,0.0009510795419944739,1.337799151729125,0.18096191849261045,-0.0005917282442348868,0.0031364350532491507
P4_CountHHI_norm,HC3,log_despesa_pc,0.0005182742862338078,0.004223242555197282,0.12271951692568543,0.9023292084138721,-0.007759129019929776,0.008795677592397392
P4_CountHHI_norm,HC3,log_n_fornecedores,-0.018670632136319826,0.004195211842345306,-4.450462297961604,8.568563607062157e-06,-0.026893096254832556,-0.010448168017807099
P4_CountHHI_norm,HC3,log_instrumentos_por_fornecedor,0.07017923098107826,0.016945745976993432,4.141406998332078,3.451818318660768e-05,0.036966179175006615,0.1033922827871499
P5_Gap_valor_frequencia,cluster_municipio,Intercept,-0.041909999633198795,0.38184947273541464,-0.10975529004393425,0.9126034501231443,-0.7903212137102208,0.7065012144438233
P5_Gap_valor_frequencia,cluster_municipio,C(uf)[T.BA],0.10371285990444068,0.05840244251147786,1.7758308633077793,0.07576079905488525,-0.01075382402722691,0.21817954383610827
P5_Gap_valor_frequencia,cluster_municipio,C(uf)[T.CE],0.09045739413516396,0.0652930577236841,1.3854060031615254,0.16592835641507053,-0.037514647443751686,0.2184294357140796
P5_Gap_valor_frequencia,cluster_municipio,C(uf)[T.ES],0.35315690310219444,0.06385035512065367,5.53100922359567,3.18393581206711e-08,0.22801250666562065,0.4783012995387682
P5_Gap_valor_frequencia,cluster_municipio,C(uf)[T.GO],0.18749441805131375,0.04902735418701475,3.824281794528757,0.0001311538422034527,0.09140256958747582,0.2835862665151517
P5_Gap_valor_frequencia,cluster_municipio,C(uf)[T.MA],-0.008814873092971296,0.043522046454149546,-0.20253811139735262,0.8394960671502802,-0.09411651667658358,0.07648677049064098
P5_Gap_valor_frequencia,cluster_municipio,C(uf)[T.MG],0.18472381510903477,0.060007823460265834,3.078328865424516,0.0020816505302805616,0.067110642336276,0.30233698788179353
P5_Gap_valor_frequencia,cluster_municipio,C(uf)[T.MS],0.04614743452445426,0.04639752394480444,0.9946098541670523,0.31992605295184817,-0.04479004137919722,0.13708491042810572
P5_Gap_valor_frequencia,cluster_municipio,C(uf)[T.MT],0.761122934160443,0.041064210680545554,18.53494616228019,1.078976832373495e-76,0.6806385601730086,0.8416073081478773
P5_Gap_valor_frequencia,cluster_municipio,C(uf)[T.PA],0.0926337442651653,0.04249488221408221,2.1798800099854794,0.029266357073621473,0.009345305598292455,0.17592218293203815
P5_Gap_valor_frequencia,cluster_municipio,C(uf)[T.PB],0.3271678291974367,0.1720449108602187,1.9016420047626441,0.0572179725514389,-0.01003399981199593,0.6643696582068693
P5_Gap_valor_frequencia,cluster_municipio,C(uf)[T.PE],0.14743275915391274,0.05304627475578834,2.7793235214471883,0.005447224329485721,0.04346397111855134,0.25140154718927415
P5_Gap_valor_frequencia,cluster_municipio,C(uf)[T.PI],0.4060562540654758,0.04298060505548681,9.447429917314288,3.472520129562097e-21,0.3218158161229815,0.4902966920079701
P5_Gap_valor_frequencia,cluster_municipio,C(uf)[T.PR],0.2888805542248243,0.10146736715010998,2.8470291714325926,0.004412931836337247,0.09000816900450614,0.4877529394451424
P5_Gap_valor_frequencia,cluster_municipio,C(uf)[T.RJ],0.3196913536130275,0.10718420442671393,2.9826349444205005,0.002857786351022075,0.10961417322508954,0.5297685340009655
P5_Gap_valor_frequencia,cluster_municipio,C(uf)[T.RS],0.2708868753654497,0.0821574409504597,3.2971678795204005,0.0009766510542090904,0.10986125004057251,0.4319125006903269
P5_Gap_valor_frequencia,cluster_municipio,C(uf)[T.SC],0.235828836127258,0.048066853931573526,4.906267351363927,9.282597601239071e-07,0.1416195335712264,0.3300381386832896
P5_Gap_valor_frequencia,cluster_municipio,C(uf)[T.SE],0.21218220043346223,0.07036476814015492,3.015460805766183,0.002565890990263724,0.07426978909824714,0.3500946117686773
P5_Gap_valor_frequencia,cluster_municipio,C(uf)[T.SP],0.16014861710420106,0.049188222429210886,3.2558325793268614,0.0011306039737686484,0.06374147267940243,0.25655576152899967
P5_Gap_valor_frequencia,cluster_municipio,C(uf)[T.TO],0.11285477928006535,0.10884013418165742,1.0368857051545652,0.2997891267082422,-0.10046796378849004,0.32617752234862074
P5_Gap_valor_frequencia,cluster_municipio,log_populacao_siconfi,0.018416557467348008,0.007863308267505881,2.3420876863561464,0.019176209012201555,0.0030047564637004313,0.033828358470995586
P5_Gap_valor_frequencia,cluster_municipio,log_despesa_pc,0.0010556699056870375,0.03773762353445751,0.027973937063713757,0.977682938219829,-0.07290871308398082,0.07502005289535489
P5_Gap_valor_frequencia,cluster_municipio,log_n_fornecedores,-0.05103670996398866,0.013621788797604317,-3.74669661395459,0.0001791785738937829,-0.07773492541230428,-0.02433849451567303
P5_Gap_valor_frequencia,cluster_municipio,log_instrumentos_por_fornecedor,-0.05620005924749188,0.029305018674919935,-1.9177622737906488,0.05514116142975883,-0.11363684041660865,0.0012367219216248906
P5_Gap_valor_frequencia,HC3,Intercept,-0.041909999633198795,0.39563119563709015,-0.10593198942694741,0.9156363129641705,-0.8173328942424156,0.7335128949760181
P5_Gap_valor_frequencia,HC3,C(uf)[T.BA],0.10371285990444068,0.09004181630482312,1.151829940361668,0.24939096201541844,-0.07276585715558406,0.2801915769644654
P5_Gap_valor_frequencia,HC3,C(uf)[T.CE],0.09045739413516396,0.10333939540977007,0.8753427845835046,0.3813874211582148,-0.11208409905212915,0.29299888732245705
P5_Gap_valor_frequencia,HC3,C(uf)[T.ES],0.35315690310219444,0.09612363561816453,3.673986120386173,0.00023879570958766898,0.16475803922754043,0.5415557669768485
P5_Gap_valor_frequencia,HC3,C(uf)[T.GO],0.18749441805131375,0.08193964700655251,2.2882014372885973,0.022125793058378602,0.02689566101254559,0.3480931750900819
P5_Gap_valor_frequencia,HC3,C(uf)[T.MA],-0.008814873092971296,0.0830394636543274,-0.10615281825115606,0.9154611049360697,-0.17156923115097583,0.15393948496503324
P5_Gap_valor_frequencia,HC3,C(uf)[T.MG],0.18472381510903477,0.08893944187278884,2.076961708094003,0.03780509354610551,0.010405712233275022,0.3590419179847945
P5_Gap_valor_frequencia,HC3,C(uf)[T.MS],0.04614743452445426,0.08300625036573489,0.5559513207875728,0.5782441330969262,-0.1165418266841008,0.20883669573300934
P5_Gap_valor_frequencia,HC3,C(uf)[T.MT],0.761122934160443,2.0015564054037305,0.380265543406916,0.7037483101675144,-3.16185553345632,4.684101401777206
P5_Gap_valor_frequencia,HC3,C(uf)[T.PA],0.0926337442651653,0.08384662586192261,1.1047999047417028,0.26924630181880393,-0.07170262264940769,0.2569701111797383
P5_Gap_valor_frequencia,HC3,C(uf)[T.PB],0.3271678291974367,0.2324709905104141,1.4073490566676983,0.15932390934452,-0.12846693965332762,0.782802598048201
P5_Gap_valor_frequencia,HC3,C(uf)[T.PE],0.14743275915391274,0.08874622658439568,1.661284821092731,0.09665625706683496,-0.026506648715333897,0.3213721670231594
P5_Gap_valor_frequencia,HC3,C(uf)[T.PI],0.4060562540654758,0.45697517092552775,0.8885739967952218,0.37423207118183643,-0.48959862277759386,1.3017111309085454
P5_Gap_valor_frequencia,HC3,C(uf)[T.PR],0.2888805542248243,0.10997191559805496,2.6268575267950833,0.008617740796423332,0.07333956034175798,0.5044215481078906
P5_Gap_valor_frequencia,HC3,C(uf)[T.RJ],0.3196913536130275,0.1384396140645252,2.3092476512107494,0.02092984272237871,0.04835469601293335,0.5910280112131217
P5_Gap_valor_frequencia,HC3,C(uf)[T.RS],0.2708868753654497,0.1145487502165721,2.364817379965266,0.018038963533703087,0.046375450466893675,0.4953983002640057
P5_Gap_valor_frequencia,HC3,C(uf)[T.SC],0.235828836127258,0.08211408368373387,2.8719657523740203,0.0040792717289390625,0.07488818948363152,0.3967694827708845
P5_Gap_valor_frequencia,HC3,C(uf)[T.SE],0.21218220043346223,0.10270889145627103,2.0658600966772207,0.03884169160389887,0.01087647228713734,0.4134879285797871
P5_Gap_valor_frequencia,HC3,C(uf)[T.SP],0.16014861710420106,0.08287582418113956,1.9323924520396725,0.05331108496198525,-0.0022850134799062005,0.32258224768830834
P5_Gap_valor_frequencia,HC3,C(uf)[T.TO],0.11285477928006535,0.14184009849385384,0.7956479195828782,0.42623670569882444,-0.16514670533150214,0.39085626389163286
P5_Gap_valor_frequencia,HC3,log_populacao_siconfi,0.018416557467348008,0.007141844937676014,2.578683467375985,0.009917761832156199,0.004418798606333313,0.032414316328362704
P5_Gap_valor_frequencia,HC3,log_despesa_pc,0.0010556699056870375,0.038807879250131454,0.027202463161742126,0.978298251115435,-0.0750063757409499,0.07711771555232397
P5_Gap_valor_frequencia,HC3,log_n_fornecedores,-0.05103670996398866,0.01426889752472226,-3.576780187506608,0.0003478524406391853,-0.07900323521153702,-0.023070184716440303
P5_Gap_valor_frequencia,HC3,log_instrumentos_por_fornecedor,-0.05620005924749188,0.03099577905885539,-1.8131520146913587,0.0698083785178737,-0.11695066987560926,0.004550551380625496
P6_Exposicao_strength,cluster_municipio,Intercept,0.38725791864813036,0.35990311177178647,1.0760060304610244,0.28192455939876837,-0.31813921834846465,1.0926550556447254
P6_Exposicao_strength,cluster_municipio,C(uf)[T.BA],0.1974731591126575,0.215196956686489,0.9176391811169871,0.35880779808774543,-0.22430512557548693,0.6192514438008019
P6_Exposicao_strength,cluster_municipio,C(uf)[T.CE],0.1784690549279568,0.22021105104068758,0.8104454980099148,0.41768417739994,-0.25313667410950247,0.610074783965416
P6_Exposicao_strength,cluster_municipio,C(uf)[T.ES],0.3237927802754236,0.21388972398781436,1.5138304647766554,0.13006884377242606,-0.09542337540390544,0.7430089359547526
P6_Exposicao_strength,cluster_municipio,C(uf)[T.GO],0.142410401862747,0.21309118059857152,0.6683073483506791,0.503937423639315,-0.2752406375335735,0.5600614412590674
P6_Exposicao_strength,cluster_municipio,C(uf)[T.MA],0.07870464664178929,0.21467461927933346,0.3666229706427439,0.7139002714949204,-0.3420498755405522,0.4994591688241308
P6_Exposicao_strength,cluster_municipio,C(uf)[T.MG],0.12485807131685867,0.21468337287379033,0.5815917164216586,0.5608417238646414,-0.29591360759535357,0.5456297502290709
P6_Exposicao_strength,cluster_municipio,C(uf)[T.MS],0.17434224741278326,0.2162713190894969,0.8061274520669907,0.4201693642230758,-0.24954174889160052,0.598226243717167
P6_Exposicao_strength,cluster_municipio,C(uf)[T.MT],0.33698347913210264,0.21250211134097158,1.585788851722954,0.11278721546059368,-0.0795130057349222,0.7534799639991274
P6_Exposicao_strength,cluster_municipio,C(uf)[T.PA],0.2356497202396257,0.23100820130960714,1.0200924421890882,0.3076846208189258,-0.21711803446058284,0.6884174749398342
P6_Exposicao_strength,cluster_municipio,C(uf)[T.PB],0.2729249509417107,0.217166403464683,1.2567549426958002,0.20884238618699114,-0.15271337850116234,0.6985632803845838
P6_Exposicao_strength,cluster_municipio,C(uf)[T.PE],0.2442824046525461,0.21530574747059222,1.1345837606397928,0.25654976046729316,-0.1777091060542905,0.6662739153593827
P6_Exposicao_strength,cluster_municipio,C(uf)[T.PI],0.24621701800946974,0.2125695784766857,1.1582890636275804,0.246746092866705,-0.17041170001369485,0.6628457360326343
P6_Exposicao_strength,cluster_municipio,C(uf)[T.PR],0.20394716858400086,0.21503648353993363,0.9484305417695625,0.342910317247319,-0.2175165945164092,0.625410931684411
P6_Exposicao_strength,cluster_municipio,C(uf)[T.RJ],0.2752557846405164,0.21834267503094298,1.2606595783509011,0.20743152327501901,-0.15268799470826477,0.7031995639892976
P6_Exposicao_strength,cluster_municipio,C(uf)[T.RS],0.07283799696422526,0.22551675881642633,0.3229826348449623,0.746708393258116,-0.369166728226176,0.5148427221546266
P6_Exposicao_strength,cluster_municipio,C(uf)[T.SC],0.17903120385685606,0.2135434360947294,0.8383830808896253,0.4018155886031134,-0.23950624002374415,0.5975686477374562
P6_Exposicao_strength,cluster_municipio,C(uf)[T.SE],0.2579305319189442,0.21397480648610073,1.205424770115162,0.22803936389400914,-0.1614523823927408,0.6773134462306292
P6_Exposicao_strength,cluster_municipio,C(uf)[T.SP],0.022390325006552574,0.21468241340085467,0.10429510574182616,0.9169351617856033,-0.39837947337326163,0.4431601233863668
P6_Exposicao_strength,cluster_municipio,C(uf)[T.TO],0.2597076204668785,0.21423162410913985,1.212274898941022,0.22540716903083713,-0.16017864713655833,0.6795938880703154
P6_Exposicao_strength,cluster_municipio,log_populacao_siconfi,0.01421121743107511,0.004767857449196953,2.9806296816757167,0.002876564139738811,0.004866388547228071,0.023556046314922148
P6_Exposicao_strength,cluster_municipio,log_despesa_pc,-0.004115321595849457,0.029361556061881667,-0.14016020088227307,0.8885334165332904,-0.061662914007191226,0.05343227081549231
P6_Exposicao_strength,cluster_municipio,log_n_fornecedores,0.03633143909096381,0.01077376670807341,3.372213272795164,0.0007456668245401806,0.015215244365303273,0.05744763381662435
P6_Exposicao_strength,cluster_municipio,log_instrumentos_por_fornecedor,0.06734927203912977,0.024098302634368064,2.7947724394115148,0.005193625915322851,0.020117466787221656,0.11458107729103789
P6_Exposicao_strength,HC3,Intercept,0.38725791864813036,0.5004247732753081,0.7738584085546079,0.43901452744221037,-0.5935566139430957,1.3680724512393563
P6_Exposicao_strength,HC3,C(uf)[T.BA],0.1974731591126575,0.4178348694391832,0.47261053003476095,0.6364910685206464,-0.6214681364731373,1.0164144546984524
P6_Exposicao_strength,HC3,C(uf)[T.CE],0.1784690549279568,0.4236047361388226,0.42131033886615804,0.673528481573086,-0.6517809715847281,1.0087190814406417
P6_Exposicao_strength,HC3,C(uf)[T.ES],0.3237927802754236,0.417771227355504,0.7750480623690509,0.43831125993038145,-0.49502377911845885,1.142609339669306
P6_Exposicao_strength,HC3,C(uf)[T.GO],0.142410401862747,0.4171083844308961,0.3414230142054137,0.7327851520292923,-0.6751070092714968,0.9599278129969908
P6_Exposicao_strength,HC3,C(uf)[T.MA],0.07870464664178929,0.42099532183101956,0.1869489815218897,0.8517006344391408,-0.7464310218068582,0.9038403150904368
P6_Exposicao_strength,HC3,C(uf)[T.MG],0.12485807131685867,0.41839624708825,0.29842062921401646,0.7653821461154081,-0.6951835042428328,0.9448996468765501
P6_Exposicao_strength,HC3,C(uf)[T.MS],0.17434224741278326,0.41952369925167854,0.415571868106056,0.6777233156799969,-0.64790909378152,0.9965935886070865
P6_Exposicao_strength,HC3,C(uf)[T.MT],0.33698347913210264,17.504962084937844,0.01925074030420553,0.984641080179356,-33.97211175808525,34.64607871634945
P6_Exposicao_strength,HC3,C(uf)[T.PA],0.2356497202396257,0.42818632416853253,0.5503438735396763,0.5820835372492874,-0.6035800538032905,1.074879494282542
P6_Exposicao_strength,HC3,C(uf)[T.PB],0.2729249509417107,0.42080982780844645,0.6485707626247426,0.5166158585975065,-0.551847155903346,1.0976970577867675
P6_Exposicao_strength,HC3,C(uf)[T.PE],0.2442824046525461,0.41786424351350415,0.5845975300460271,0.5588183688797652,-0.5747164630609969,1.0632812723660892
P6_Exposicao_strength,HC3,C(uf)[T.PI],0.24621701800946974,1.0834011148100222,0.22726302810999477,0.8202192202417828,-1.8772101478287178,2.369644183847657
P6_Exposicao_strength,HC3,C(uf)[T.PR],0.20394716858400086,0.41835757240074467,0.4874948657284967,0.6259076804198231,-0.6160186059810668,1.0239129431490686
P6_Exposicao_strength,HC3,C(uf)[T.RJ],0.2752557846405164,0.4206012245809154,0.6544341018378623,0.5128321698754118,-0.5491074673915206,1.0996190366725536
P6_Exposicao_strength,HC3,C(uf)[T.RS],0.07283799696422526,0.4230197155860229,0.1721858208507384,0.8632914447202281,-0.7562654103347567,0.9019414042632071
P6_Exposicao_strength,HC3,C(uf)[T.SC],0.17903120385685606,0.41723136453902415,0.4290933498124182,0.6678552916857379,-0.6387272438601335,0.9967896515738457
P6_Exposicao_strength,HC3,C(uf)[T.SE],0.2579305319189442,0.41775879384987236,0.6174149670003961,0.536961052409419,-0.5608616582516986,1.076722722089587
P6_Exposicao_strength,HC3,C(uf)[T.SP],0.022390325006552574,0.4178039902385287,0.05359050064067052,0.9572614250279338,-0.796490448458088,0.8412710984711932
P6_Exposicao_strength,HC3,C(uf)[T.TO],0.2597076204668785,0.4191389815635453,0.6196217290457496,0.5355068575998354,-0.5617896879144679,1.081204928848225
P6_Exposicao_strength,HC3,log_populacao_siconfi,0.01421121743107511,0.005534049397554911,2.5679599891815204,0.010229896295086156,0.003364679923201901,0.025057754938948316
P6_Exposicao_strength,HC3,log_despesa_pc,-0.004115321595849457,0.02721545502987082,-0.15121266910042883,0.8798079567142048,-0.057456633277265724,0.04922599008556681
P6_Exposicao_strength,HC3,log_n_fornecedores,0.03633143909096381,0.011175498111942834,3.2509905801995322,0.0011500366795954195,0.014427865282260484,0.05823501289966714
P6_Exposicao_strength,HC3,log_instrumentos_por_fornecedor,0.06734927203912977,0.023837983217462593,2.825292367426152,0.004723749203755895,0.02062768346883285,0.1140708606094267
