orgao_cnpj,municipio_ibge,municipio,uf,instrumentos,compras,fornecedores,valor_inicial,share_origem_externa,lag_mediano
00118735000114,3543402,Ribeirão Preto,SP,1,1,1,8280.0,0.0,10.0
00204125000133,2704302,Maceió,AL,1,1,1,89200.0,1.0,90.0
00282876000178,5005400,Maracaju,MS,1,1,1,7320.0,0.0,11.0
00324208000166,3107307,Bocaiúva,MG,2,2,2,12665.65,0.0,9.5
00460408000146,3110608,Cambuí,MG,4,3,4,46264.0,0.0,9.5
00675468000186,5204508,Caldas Novas,GO,9,3,9,358111.69,0.0,8.0
00879976000186,4115804,Medianeira,PR,2,1,2,24000.0,0.0,14.0
00955107000193,3543907,Rio Claro,SP,4,1,1,1800.0,0.0,1.0
00999472000108,5220454,Senador Canedo,GO,1,1,1,144000.0,0.0,6.0
01282378000198,4217105,São Martinho,SC,7,6,6,2080.0,1.0,1.0
01335616000186,3519071,Hortolândia,SP,1,1,1,1850.0,0.0,0.0
01397083000167,4216503,São Joaquim,SC,4,1,4,817.18,1.0,4.0
01465988000127,5213103,Mineiros,GO,3,3,3,5635.11,0.0,5.0
01494665000161,5209101,Goiatuba,GO,1,1,1,9100.0,0.0,17.0
01600293000100,4214904,Rio Fortuna,SC,1,1,1,57.03,1.0,5.0
01739381000198,4210050,Macieira,SC,1,1,1,50000.0,1.0,7.0
01746653000187,4208807,Jaguaruna,SC,18,4,13,20352.001,1.0,2.5
01815216000178,5218805,Rio Verde,GO,1,1,1,925846.3,0.0,5.0
01877528000106,4202107,Barra Velha,SC,11,1,8,17188.6586,1.0,1.0
01935036000120,4207304,Imbituba,SC,9,4,5,15310.58,1.0,2.0
01941360000150,4203303,Campo Alegre,SC,28,11,20,150600.29200000002,1.0,1.5
01996270000167,4210050,Macieira,SC,1,1,1,350000.0,1.0,0.0
02073207000111,4206108,Grão-Pará,SC,15,4,11,575197.6799999999,0.8666666666666667,2.0
02345707000165,4108304,Foz do Iguaçu,PR,1,1,1,20720.0,0.0,1.0
02362976000130,4208203,Itajaí,SC,4,1,4,56320.0,0.0,8.0
02406542000194,4215802,São Bento do Sul,SC,3,3,3,3130.0,1.0,4.0
02482295000105,4208450,Itapoá,SC,35,12,23,318328.31,0.9714285714285714,1.0
02581343000112,3506359,Bertioga,SP,2,2,2,6429.62,0.0,492.0
02762633000162,2914802,Itabuna,BA,2,1,2,210312.5,0.0,0.0
02920909000193,3133709,Itatiaiuçu,MG,4,4,4,429383.4,0.75,20.0
03230443000167,4211702,Orleans,SC,1,1,1,2149999.0,0.0,0.0
03347885000198,4218509,Treze Tílias,SC,5,5,5,22695.56,1.0,4.0
03532661000156,5205109,Catalão,GO,1,1,1,15900.0,0.0,181.0
03570696000180,4119905,Ponta Grossa,PR,1,1,1,1247.68,0.0,5.0
03587269000104,5201306,Anicuns,GO,1,1,1,22700.0,0.0,1.0
03608586000160,4113700,Londrina,PR,1,1,1,500000.0,1.0,13.0
04244525000123,5220009,São João d'Aliança,GO,8,2,7,59059.93,0.0,0.0
04380911000142,1100122,Ji-Paraná,RO,1,1,1,40000.0,1.0,5.0
04407139000105,5217609,Planaltina,GO,3,3,3,15779.89,0.0,140.0
04515660000166,4202404,Blumenau,SC,1,1,1,7700.0,1.0,1.0
04691691000178,3549805,São José do Rio Preto,SP,2,2,2,63990.0,0.0,13.0
04764154000100,3202256,Governador Lindenberg,ES,1,1,1,46900.0,0.0,3.0
04838209000180,4219150,Vargem,SC,1,1,1,100000.0,0.0,3.0
04849697000120,2503209,Cabedelo,PB,1,1,1,115804.89,0.0,4.0
04927953000150,4215802,São Bento do Sul,SC,1,1,1,1250.0,1.0,11.0
04939180000122,3303203,Nilópolis,RJ,1,1,1,3997.8,0.0,6.0
05002963000148,5213103,Mineiros,GO,1,1,1,74100.0,0.0,50.0
05029092000156,4203907,Capinzal,SC,9,5,8,10678.779999999999,1.0,2.0
05055033000152,1501402,Belém,PA,1,1,1,30996.23,0.0,8.0
05106805000138,5204805,Campo Alegre de Goiás,GO,5,3,3,105890.37000000001,0.0,6.0
05110021000183,3200136,Águia Branca,ES,1,1,1,958.8,0.0,0.0
05301040000197,5007695,São Gabriel do Oeste,MS,1,1,1,35200.0,0.0,147.0
05472936000139,4208203,Itajaí,SC,9,3,9,38821188.06,0.0,1.0
05509957000181,5200803,Alvorada do Norte,GO,1,1,1,3500.0,0.0,6.0
05532421000187,4209300,Lages,SC,2,2,2,8569.23,0.5,2.0
05593119000139,5204508,Caldas Novas,GO,5,1,5,651600.0,0.0,27.0
05604369000127,3550308,São Paulo,SP,1,1,1,14200.0,0.0,169.0
05649898000147,3550308,São Paulo,SP,7,3,7,6686.2,0.0,52.0
06069513000135,3169356,Três Marias,MG,5,2,5,17723.28,0.0,2.0
06073250000138,4207106,Ilhota,SC,3,3,3,11353.7,1.0,1.0
06079623000188,1501303,Barcarena,PA,16,1,16,3160422.99,1.0,0.0
06085215000139,5221452,Trombas,GO,1,1,1,19200.0,0.0,78.0
06089125000116,4207908,Irineópolis,SC,1,1,1,108.0,1.0,8.0
06102908000192,1505304,Oriximiná,PA,2,1,2,358055.0,0.0,1.0
06129491000151,5208509,Goiandira,GO,2,2,2,2620.0,0.0,0.0
06231312000192,4209409,Laguna,SC,1,1,1,8820.0,1.0,1.0
07222467000125,5210000,Inhumas,GO,6,2,6,526554.83,0.0,7.5
07349637000137,4202008,Balneário Camboriú,SC,38,1,38,1700000.0,0.0,11.0
07556717000163,5212501,Luziânia,GO,8,3,5,82256.52,0.0,1.0
07582909000144,1100023,Ariquemes,RO,1,1,1,150312.0,1.0,22.0
07777639000127,5210109,Ipameri,GO,3,3,3,154786.0,0.0,22.0
07789410000102,4207502,Indaial,SC,3,3,3,13397.810000000001,1.0,1.0
07791947000107,5206909,Davinópolis,GO,72,55,43,901692.27,0.0,296.5
07793624000152,5209101,Goiatuba,GO,2,2,2,1841.36,0.0,4.0
07806941000166,4212908,Pinhalzinho,SC,2,1,2,3146607.0,1.0,0.0
07854402000100,4202008,Balneário Camboriú,SC,3,2,3,4385476.5,0.0,118.0
07868234000102,2610608,Paudalho,PE,1,1,1,17400.0,0.0,28.0
08013657000103,5213772,Montividiu do Norte,GO,1,1,1,50450.0,0.0,3.0
08083086000175,5203302,Bela Vista de Goiás,GO,3,1,3,82073.33,0.0,6.0
08184785000101,4209102,Joinville,SC,4,1,1,10442.880000000001,1.0,1.0
08184821000137,4209102,Joinville,SC,11,11,11,126466.15,1.0,1.0
08259606000158,4208203,Itajaí,SC,25,2,18,1074805.499,1.0,1.0
08281643000162,4215802,São Bento do Sul,SC,8,7,7,2177243.78,0.875,1.0
08289417000128,4212304,Paulo Lopes,SC,1,1,1,125.64,1.0,5.0
08311485000146,4209102,Joinville,SC,1,1,1,385000.0,1.0,5.0
08345495000100,4201307,Araquari,SC,1,1,1,141.36,1.0,11.0
08351513000159,5204003,Cabeceiras,GO,1,1,1,50600.0,0.0,4.0
08361788000173,4216305,São João Batista,SC,1,1,1,52350.0,0.0,8.0
08438054000145,4201109,Anitápolis,SC,1,1,1,802.4,1.0,1.0
08543762000146,4205704,Garopaba,SC,2,1,1,1077.3,1.0,3.5
08595042000124,4203600,Campos Novos,SC,5,4,5,786477.0,0.4,7.0
08677428000185,5203302,Bela Vista de Goiás,GO,2,1,1,36432.0,0.0,16.5
08692266000154,4203709,Canelinha,SC,60,5,36,71851.3248,1.0,1.0
08715618000140,2507507,João Pessoa,PB,5,2,5,592740.44,0.0,6.0
08806043000170,4216909,São Lourenço do Oeste,SC,1,1,1,900.0,1.0,4.0
08806721000103,2507507,João Pessoa,PB,1,1,1,114412.8,0.0,11.0
08858200000191,4211504,Nova Trento,SC,38,11,20,33060.395000000004,1.0,1.0
08931506000126,4128104,Umuarama,PR,6,5,6,510744.67,0.5,29.0
08999257000100,4202305,Biguaçu,SC,15,9,14,4454148.91,0.9333333333333333,1.0
09129733000103,4212908,Pinhalzinho,SC,2,1,2,3146607.0,1.0,0.0
09240588000125,4218707,Tubarão,SC,1,1,1,15120.0,1.0,2.0
09297907000139,5210000,Inhumas,GO,2,1,2,9492.0,0.0,1.5
09332615000190,5203807,Britânia,GO,6,3,4,48384.94,0.0,18.0
09356616000174,2504009,Campina Grande,PB,1,1,1,2271.5,1.0,2.0
09436466000109,2918001,Jequié,BA,3,3,3,32389.5,0.0,10.0
09522642000125,4214300,Rancho Queimado,SC,10,6,9,7119.18,1.0,4.0
09579148000105,3537107,Pedreira,SP,1,1,1,5586.0,0.0,8.0
09626556000162,3526902,Limeira,SP,1,1,1,3730.0,0.0,14.0
09664082000143,2309706,Pacatuba,CE,1,1,1,9200.0,0.0,2.0
10316445000139,2600401,Água Preta,PE,2,2,1,120188.5,0.0,14.5
10324957000147,4202131,Bela Vista do Toldo,SC,8,5,7,251848.55,1.0,1.0
10377912000130,4215000,Rio Negrinho,SC,18,7,15,43410.73,1.0,1.0
10381732000122,5007935,Sonora,MS,1,1,1,1291685.38,1.0,4.0
10391817000191,4204004,Catanduvas,SC,39,12,21,34909.3532,1.0,4.0
10396929000135,4219507,Xanxerê,SC,4,3,4,9606.5,1.0,3.5
10411736000106,5002308,Brasilândia,MS,6,1,6,925320.0,0.0,51.0
10441099000110,4219606,Xavantina,SC,2,1,2,1332.3,1.0,1.0
10455823000165,4204301,Concórdia,SC,3,2,3,12648.72,1.0,4.0
10459525000143,4202008,Balneário Camboriú,SC,4,4,4,35182.01,1.0,1.0
10465435000165,4219101,Vargeão,SC,9,4,8,11385.7,1.0,2.0
10465644000109,5201702,Aragarças,GO,4,2,4,393902.97,0.0,12.5
10469199000155,4214805,Rio do Sul,SC,24,11,19,633136.8,0.9166666666666666,1.0
10472663000162,5211701,Jandaia,GO,4,1,4,150705.6,0.0,8.0
10478051000187,4208609,Jaborá,SC,4,3,4,4836.200000000001,1.0,4.0
10479670000196,4212502,Penha,SC,8,3,4,7955.02,1.0,7.0
10481963000108,4200754,Alto Bela Vista,SC,7,6,6,2008.8400000000001,1.0,1.0
10496025000181,5221007,Taquaral de Goiás,GO,4,1,4,255000.0,0.0,9.0
10496698000131,4205308,Faxinal dos Guedes,SC,12,6,10,3294.566,1.0,1.0
10532003000120,4200101,Abelardo Luz,SC,3,3,3,1230.3600000000001,1.0,4.0
10552903000139,4204905,Descanso,SC,1,1,1,414800.0,1.0,1.0
10559279000100,3511102,Catanduva,SP,5,4,5,2637022.05,0.0,10.0
10559316000171,1707009,Dianópolis,TO,1,1,1,31920.0,0.0,5.0
10565436000181,4217006,São Ludgero,SC,11,3,10,6790.08,1.0,1.0
10568451000183,4207304,Imbituba,SC,26,3,19,55475.846,1.0,1.0
10589928000107,2602209,Bom Jardim,PE,2,2,1,111416.0,0.0,1.0
10593919000190,5215603,Padre Bernardo,GO,21,2,21,793743.72,0.0,55.0
10594533000100,4209003,Joaçaba,SC,27,2,25,271784.9298,1.0,2.0
10606542000166,4202453,Bombinhas,SC,1,1,1,10000.0,0.0,2.0
10624466000111,4202206,Benedito Novo,SC,5,3,4,8343.335,1.0,1.0
10624592000176,3114105,Carmo de Minas,MG,1,1,1,66549.0,1.0,6.0
10631880000158,4207205,Imaruí,SC,2,1,2,800.0,1.0,1.0
10701551000136,5200803,Alvorada do Norte,GO,2,2,1,691.9300000000001,0.0,15.0
10714485000139,4200606,Águas Mornas,SC,1,1,1,1191.015,1.0,5.0
10721783000156,4213500,Porto Belo,SC,1,1,1,20195.16,0.0,0.0
10778201000178,2300754,Amontada,CE,1,1,1,167.84,1.0,48.0
10778974000154,4212403,Pedras Grandes,SC,7,3,6,4849.326,1.0,1.0
10788473000159,4207106,Ilhota,SC,2,2,2,2366.4,1.0,10.5
10836939000144,5001904,Bataguassu,MS,1,1,1,28500.0,0.0,2.0
10863375000139,4203709,Canelinha,SC,1,1,1,716.8,1.0,1.0
10906131000196,3205150,Vila Pavão,ES,1,1,1,328596.0,1.0,5.0
10971858000157,4203956,Capivari de Baixo,SC,28,10,22,49417.118,1.0,1.0
11111771000172,5205406,Ceres,GO,1,1,1,56000.0,0.0,53.0
11136549000124,4217204,São Miguel do Oeste,SC,10,1,10,26169309.0,0.0,0.0
11148262000114,4208302,Itapema,SC,1,1,1,102.48,1.0,20.0
11149280000110,5200506,Aloândia,GO,1,1,1,989.9,0.0,3.0
11160486000141,5006903,Porto Murtinho,MS,17,2,17,2036692.44,1.0,75.0
11166368000140,5217708,Pontalina,GO,4,4,4,43075.4,0.0,1.0
11171868000170,5216403,Paraúna,GO,1,1,1,599200.0,0.0,20.0
11179871000130,5210901,Itapaci,GO,1,1,1,18000.0,0.0,35.0
11195905000180,4201257,Apiúna,SC,1,1,1,269550.0,0.0,1.0
11206573000192,2804508,Nossa Senhora da Glória,SE,1,1,1,219000.0,1.0,0.0
11214458000160,4216602,São José,SC,11,5,8,273988.72000000003,1.0,1.0
11231203000105,4210605,Massaranduba,SC,2,2,2,386.4,1.0,3.0
11232665000147,5200506,Aloândia,GO,7,6,7,39573.59,0.0,1.0
11241709000103,4201703,Ascurra,SC,1,1,1,293.67,1.0,4.0
11246073000184,4215109,Rodeio,SC,1,1,1,5396.328,1.0,1.0
11265919000123,4205001,Dionísio Cerqueira,SC,17,3,12,39895.92,1.0,1.0
11267244000151,5203906,Buriti Alegre,GO,3,1,3,144000.0,0.0,2.0
11280020000180,5203575,Bonópolis,GO,1,1,1,43200.0,0.0,72.0
11285282000137,5003306,Coxim,MS,1,1,1,36100.0,0.0,6.0
11290422000165,4202081,Bandeirante,SC,3,3,3,139659.66,0.3333333333333333,0.0
11293409000160,4206504,Guaramirim,SC,7,5,6,1584720.4500000002,0.8571428571428571,2.0
11297536000137,3303856,Paty do Alferes,RJ,1,1,1,142336.64,0.0,202.0
11299998000193,4212056,Palmeira,SC,5,3,5,2194.8,1.0,1.0
11303923000139,4205803,Garuva,SC,9,7,6,11272.009999999998,1.0,4.0
11306530000189,5221197,Terezópolis de Goiás,GO,2,1,2,61360.0,0.0,11.5
11307015000113,5219100,Santa Bárbara de Goiás,GO,4,4,4,63820.0,0.25,5.5
11307776000175,4203501,Campo Erê,SC,2,2,2,1062.54,1.0,6.0
11308894000106,3302403,Macaé,RJ,3,2,3,2259680.0,0.0,7.0
11310394000109,4212205,Papanduva,SC,8,3,8,25316.948,1.0,1.0
11315213000129,5219308,Santa Helena de Goiás,GO,28,4,28,6001529.0,0.03571428571428571,33.0
11319184000173,5205703,Córrego do Ouro,GO,1,1,1,30360.0,0.0,19.0
11320964000133,5209705,Hidrolândia,GO,6,6,6,62892.3,0.5,6.0
11323261000169,4113700,Londrina,PR,1,1,1,14750000.0,1.0,13.0
11323964000197,4211850,Ouro Verde,SC,12,3,12,3909.72,1.0,1.0
11323985000102,4219705,Xaxim,SC,32,12,24,43678.9278,1.0,1.0
11324516000108,5207808,Firminópolis,GO,1,1,1,14400.0,0.0,2.0
11328999000119,5203104,Baliza,GO,10,10,5,16067.92,0.0,16.0
11329956000158,4207700,Ipumirim,SC,15,6,12,7798.33,1.0,4.0
11335530000107,5219902,São Francisco de Goiás,GO,10,7,10,87458.08,0.0,41.0
11336672000199,1709500,Gurupi,TO,2,2,2,1260993.78,0.0,125.5
11342435000130,4215604,Santa Rosa de Lima,SC,2,1,2,1641.432,1.0,3.5
11344960000195,4206306,Guabiruba,SC,25,8,16,43515.96,1.0,1.0
11355483000163,4207502,Indaial,SC,6,4,4,19704.2,1.0,2.0
11356696000100,3204906,São Mateus,ES,2,2,2,10741203.18,0.0,0.0
11359214000175,4216909,São Lourenço do Oeste,SC,1,1,1,187.6,1.0,13.0
11364800000108,4216404,São João do Sul,SC,1,1,1,10000.0,0.0,0.0
11364954000108,4204459,Coronel Martins,SC,8,3,7,1948.5,1.0,4.0
11366503000100,5215900,Palminópolis,GO,1,1,1,36294.0,0.0,7.0
11370658000101,2806701,São Cristóvão,SE,6,5,4,537974.0,0.0,0.0
11375809000114,4214904,Rio Fortuna,SC,6,3,5,1274.56,1.0,1.0
11391482000174,4202537,Bom Jesus,SC,2,2,2,920.75,1.0,5.5
11395801000110,4207684,Ipuaçu,SC,14,8,13,14917.68,1.0,1.0
11399310000147,4211876,Paial,SC,1,1,1,158400.0,0.0,0.0
11407443000118,4208500,Ituporanga,SC,31,9,25,190580.53,1.0,2.0
11408074000188,4206801,Ibicaré,SC,4,1,3,6978.78,1.0,4.0
11412389000107,2807501,Tomar do Geru,SE,1,1,1,121000.0,0.0,21.0
11420840000120,4200507,Águas de Chapecó,SC,1,1,1,22490.1,0.0,4.0
11420927000105,4100806,Alvorada do Sul,PR,1,1,1,10423.0,0.0,5.0
11421459000185,2912004,Ibiassucê,BA,2,2,2,96850.0,0.0,11.5
11422700000190,5220702,Sítio d'Abadia,GO,4,1,4,25360.75,0.0,55.0
11422955000153,4218202,Timbó,SC,18,5,14,85270.136,1.0,1.0
11423342000130,4202156,Belmonte,SC,1,1,1,1757.6,1.0,4.0
11429759000100,4212239,Paraíso,SC,3,3,3,10630.5,0.6666666666666666,1.0
11431615000199,4215752,São Bernardino,SC,30,8,24,17380.7913,1.0,1.0
11433440000159,3139508,Manhumirim,MG,1,1,1,6423.9,0.0,161.0
11435485000162,5206503,Cromínia,GO,4,4,4,241575.69,0.0,259.0
11436906000170,4205902,Gaspar,SC,2,2,2,128731.56,0.5,3.0
11436910000138,4213203,Pomerode,SC,8,7,7,55241.8,1.0,4.0
11444466000100,4215356,Saltinho,SC,2,1,2,3443.28,1.0,1.0
11448444000100,4208708,Jacinto Machado,SC,5,1,5,65206.31999999999,1.0,1.0
11455792000105,4211108,Monte Castelo,SC,13,3,13,16871.07,1.0,1.0
11456532000154,4206405,Guaraciaba,SC,1,1,1,139.6,1.0,1.0
11460159000105,4205431,Formosa do Sul,SC,1,1,1,142315.2,0.0,0.0
11478938000138,2805703,Propriá,SE,2,1,2,1832640.0,1.0,5.0
11479852000120,5207907,Flores de Goiás,GO,1,1,1,44943.28,0.0,8.0
11483837000155,5213004,Maurilândia,GO,3,1,3,350640.0,0.0,34.0
11485410000196,4208450,Itapoá,SC,29,12,23,66907.48,1.0,1.0
11491075000139,4218301,Três Barras,SC,7,3,6,6125.2,1.0,1.0
11497013000134,2611606,Recife,PE,10,8,7,59003284.28,0.0,64.5
11508942000100,2611606,Recife,PE,7,2,7,1481860.0,0.0,5.0
11520158000109,4215554,Santa Helena,SC,14,6,11,8779.452,1.0,1.0
11544537000139,2802007,Divina Pastora,SE,3,3,3,314400.0,0.0,138.0
11552935000105,4207502,Indaial,SC,1,1,1,1620.0,1.0,1.0
11553540000119,4216008,São Carlos,SC,5,3,4,150939.17,0.8,1.0
11607006000148,4218004,Tijucas,SC,2,2,2,186000.0,0.0,0.0
11607258000177,2804300,Muribeca,SE,1,1,1,33000.0,0.0,0.0
11634081000106,2807105,Simão Dias,SE,1,1,1,42599.27,0.0,55.0
11679183000130,4202438,Bocaina do Sul,SC,3,3,3,7573.07,0.0,0.0
11688879000122,5206404,Crixás,GO,16,1,16,865476.0,0.0,51.0
11712986000149,4211850,Ouro Verde,SC,1,1,1,2450.0,1.0,1.0
11718406000120,2800308,Aracaju,SE,2,2,2,26857239.44,0.5,3.5
11772824000104,1716505,Pedro Afonso,TO,1,1,1,55050.0,0.0,1.0
11800731000138,3304201,Resende,RJ,1,1,1,79270.08,0.0,6.0
11810130000106,4208708,Jacinto Machado,SC,5,1,5,21908.98,1.0,0.0
11840546000177,4209300,Lages,SC,22,5,13,105885.63,1.0,1.0
11850969000178,2804508,Nossa Senhora da Glória,SE,1,1,1,1518.1,0.0,3.0
11867889000125,3300506,Bom Jardim,RJ,9,1,9,4275580.92,0.0,20.0
11888327000168,4216107,São Domingos,SC,1,1,1,304.0,1.0,12.0
11924138000101,5213103,Mineiros,GO,5,5,5,281597.65,0.0,20.0
11934211000118,3306107,Valença,RJ,2,1,2,65609.7,0.0,41.0
11960753000165,4202701,Botuverá,SC,4,1,4,5379.62,1.0,3.0
11996804000109,2928802,Santo Estêvão,BA,6,4,4,7188849.49,0.0,81.5
12021434000157,5004908,Jaraguari,MS,2,1,2,91800.0,0.0,197.5
12053489000149,5211909,Jataí,GO,1,1,1,1890.0,0.0,0.0
12064805000188,2600401,Água Preta,PE,1,1,1,121705.91,0.0,123.0
12094507000130,4216701,São José do Cedro,SC,11,5,11,22566.3008,1.0,1.0
12115907000185,4208450,Itapoá,SC,9,5,7,10926.42,1.0,1.0
12116187000172,3304300,Rio Bonito,RJ,1,1,1,92590.0,0.0,1.0
12139961000160,4219853,Zortéa,SC,20,3,16,32988.108,1.0,1.0
12219015000124,2802908,Itabaiana,SE,1,1,1,135494.75,0.0,102.0
12250723000128,1600501,Oiapoque,AP,1,1,1,162000.0,0.0,7.0
12273240000149,4218756,Tunápolis,SC,2,1,2,1106.6,1.0,2.0
12298037000127,3526704,Leme,SP,10,10,4,13590.39,1.0,6.0
12306202000145,4218608,Trombudo Central,SC,1,1,1,6400.0,0.0,4.0
12334083000134,4217105,São Martinho,SC,54,5,23,70477.3596,1.0,1.0
12488175000179,4218905,Urubici,SC,2,2,2,1451.49,1.0,1.0
12570642000105,2608909,Limoeiro,PE,1,1,1,1407.0,0.0,34.0
12710978000126,1501303,Barcarena,PA,3,2,3,376160.67000000004,1.0,0.0
12877385000159,4320909,Tapejara,RS,1,1,1,21300.0,1.0,0.0
12984850000150,1716505,Pedro Afonso,TO,1,1,1,117024.85,0.0,21.0
13018648000137,4217204,São Miguel do Oeste,SC,1,1,1,180000.0,0.0,5.0
13019421000106,4215695,Santiago do Sul,SC,5,2,5,2077.05,1.0,1.0
13128780004431,2800308,Aracaju,SE,1,1,1,7999999.8,1.0,34.0
13170158000151,4208906,Jaraguá do Sul,SC,15,7,10,31284.379999999997,1.0,1.0
13172589000157,5217609,Planaltina,GO,1,1,1,22993.02,0.0,48.0
13240198000122,1300607,Benjamin Constant,AM,1,1,1,5376.0,0.0,3.0
13358623000182,5205455,Cezarina,GO,1,1,1,3400.0,0.0,2.0
13417917000138,4201257,Apiúna,SC,1,1,1,910.0,1.0,1.0
13468241000101,5210901,Itapaci,GO,1,1,1,24000.0,0.0,34.0
13504552000189,4320008,Sapucaia do Sul,RS,1,1,1,16616.0,0.0,5.0
13509695000183,4205605,Galvão,SC,1,1,1,117.3,1.0,13.0
13633606000106,5219902,São Francisco de Goiás,GO,4,4,4,60592.5,0.0,44.0
13723290000143,5215603,Padre Bernardo,GO,1,1,1,1635.0,0.0,0.0
13736496000108,5002209,Bonito,MS,1,1,1,14365.0,0.0,1.0
13769209000166,5203575,Bonópolis,GO,1,1,1,4000.0,0.0,2.0
13792329000184,4106902,Curitiba,PR,4,1,4,61178.0,0.0,19.0
13843252000124,4207908,Irineópolis,SC,2,1,1,1080.0,1.0,1.5
13864377000130,3550308,São Paulo,SP,69,47,40,6997548.42,0.0,116.0
13884310000168,4206504,Guaramirim,SC,1,1,1,5218.2,1.0,1.0
13886253000156,2411908,São Francisco do Oeste,RN,1,1,1,53488.09,0.0,0.0
13917262000167,3204559,Santa Maria de Jetibá,ES,3,3,2,69120.0,1.0,13.0
13927758000111,3202256,Governador Lindenberg,ES,1,1,1,32500.0,0.0,1.0
13953949000158,3526704,Leme,SP,1,1,1,9600.0,1.0,2.0
14004655000142,5002951,Chapadão do Sul,MS,1,1,1,71200.0,0.0,6.0
14007211000160,4208906,Jaraguá do Sul,SC,8,4,4,12565.4636,1.0,1.5
14008675000191,4212700,Petrolândia,SC,1,1,1,13573.35,0.0,0.0
14032786000133,3300803,Cachoeiras de Macacu,RJ,1,1,1,96000.0,0.0,42.0
14381482000181,2314003,Várzea Alegre,CE,5,1,5,1700066.46,1.0,162.0
14387430000112,5207808,Firminópolis,GO,2,2,2,23096.0,0.0,8.0
14464143000169,2916401,Itapetinga,BA,1,1,1,62499.85,0.0,-352.0
14552796000108,2805703,Propriá,SE,2,1,2,477080.0,1.0,5.0
14608771000170,4204152,Celso Ramos,SC,16,4,13,11422.716999999999,1.0,1.0
14631480000101,5207105,Diorama,GO,1,1,1,25950.0,0.0,8.0
14662198000183,5209705,Hidrolândia,GO,3,1,1,4542.1,0.0,16.0
14667287000112,5203906,Buriti Alegre,GO,1,1,1,36000.0,0.0,1.0
14706049000179,3135100,Janaúba,MG,4,3,3,127986.63,0.0,35.0
14769746000179,5203104,Baliza,GO,3,3,3,112392.0,0.0,98.0
14779187000188,5001003,Aparecida do Taboado,MS,1,1,1,19500.0,1.0,1.0
14781187000112,5007935,Sonora,MS,1,1,1,70276.24,1.0,4.0
14785598000186,3203908,Nova Venécia,ES,1,1,1,7489456.68,0.0,26.0
14792165000158,3205309,Vitória,ES,1,1,1,124759.9,1.0,11.0
14807623000185,2803302,Japaratuba,SE,2,2,2,28474.0,0.0,34.0
14810479000136,2804300,Muribeca,SE,1,1,1,27500.0,0.0,0.0
14817174000156,2802007,Divina Pastora,SE,2,2,2,200400.0,0.0,120.5
14871353000171,5204805,Campo Alegre de Goiás,GO,2,1,1,8631.25,0.0,2.5
14878445000183,5206909,Davinópolis,GO,33,24,22,612214.24,0.0,294.0
14883709000197,2805505,Poço Verde,SE,1,1,1,34800.0,0.0,47.0
14914258000108,5221197,Terezópolis de Goiás,GO,1,1,1,12753.0,0.0,11.0
14969199000175,5213103,Mineiros,GO,4,4,4,15596.29,0.0,10.0
14986862000140,3503208,Araraquara,SP,1,1,1,4543.0,0.0,0.0
14999490000196,3302106,Itaocara,RJ,10,1,9,72189.98,0.0,7.0
15196311000145,5213772,Montividiu do Norte,GO,1,1,1,49050.0,0.0,3.0
15282487000110,5219308,Santa Helena de Goiás,GO,1,1,1,10664.0,0.0,4.0
15408168000108,4203253,Capão Alto,SC,1,1,1,102.48,1.0,9.0
15527565000107,1502400,Castanhal,PA,1,1,1,50804.1,0.0,-88.0
15553985000150,5007695,São Gabriel do Oeste,MS,1,1,1,266940.0,0.0,2.0
15554850000109,5007208,Rio Brilhante,MS,1,1,1,101088.0,0.0,354.0
16176067000111,2932903,Valença,BA,1,1,1,110400.0,0.0,0.0
16673998000125,3106200,Belo Horizonte,MG,2,2,2,1942142.27,0.0,24.0
16692121000181,3106200,Belo Horizonte,MG,9,3,9,636863.3999999999,0.0,7.0
17228178000197,1508100,Tucuruí,PA,5,1,5,2407652.03,0.0,14.0
17526555000174,1709500,Gurupi,TO,1,1,1,88000.0,0.0,18.0
17527365000171,1709500,Gurupi,TO,2,2,2,11683.0,1.0,6.0
17527397000177,1709500,Gurupi,TO,1,1,1,12000.0,0.0,14.0
17710115000172,4212650,Pescaria Brava,SC,1,1,1,114.8,1.0,5.0
17736850000155,5208707,Goiânia,GO,3,1,2,242846778.73,1.0,158.0
17756464000125,4209904,Lontras,SC,3,2,3,1885.4,1.0,5.0
17799033000146,4206702,Herval d'Oeste,SC,31,13,25,262856.175,0.967741935483871,3.0
17851361000144,3151800,Poços de Caldas,MG,3,2,2,91350.0,0.0,7.0
17859691000186,1502400,Castanhal,PA,1,1,1,30000.0,0.0,6.0
17932766000107,4216503,São Joaquim,SC,22,10,21,72273.44,1.0,2.0
18180942000164,1501303,Barcarena,PA,12,1,12,71640.3,1.0,1.0
18184942000132,4220000,Balneário Rincão,SC,2,2,2,3720.0,1.0,2.5
18208903000128,5205513,Cocalzinho de Goiás,GO,2,2,2,35900.0,0.0,0.0
18212310000135,5221452,Trombas,GO,1,1,1,11088.0,0.0,36.0
18245821000153,4207205,Imaruí,SC,1,1,1,250.0,1.0,4.0
18255486000174,2805703,Propriá,SE,2,1,2,293524.0,1.0,5.0
18256417000185,5215702,Palmeiras de Goiás,GO,3,2,3,20471.58,0.0,5.0
18302582000126,5205406,Ceres,GO,2,1,2,4326.96,0.0,42.5
18466080000130,5002951,Chapadão do Sul,MS,1,1,1,43308.0,0.0,23.0
18589914000103,5219308,Santa Helena de Goiás,GO,3,3,3,79934.98000000001,0.3333333333333333,337.0
19061464000136,3170107,Uberaba,MG,1,1,1,29700.0,0.0,5.0
19116243000118,3107307,Bocaiúva,MG,1,1,1,7560.0,0.0,3.0
19130038000107,3111200,Campo Belo,MG,3,1,3,7706.7,0.0,0.0
19363370000111,5205703,Córrego do Ouro,GO,1,1,1,29700.0,0.0,50.0
19432705000106,2800308,Aracaju,SE,3,3,3,146500.0,0.0,0.0
19498254000100,4216008,São Carlos,SC,1,1,1,3700.0,0.0,0.0
19500817000157,5213103,Mineiros,GO,25,3,6,241781.94,0.0,3.0
20067146000161,3131901,Itabirito,MG,8,5,8,901070.71,0.0,49.0
20129840000166,4208302,Itapema,SC,13,3,11,9852.01,1.0,1.0
20266755000140,3148103,Patrocínio,MG,9,5,4,77375.4,0.0,4.0
20962409000104,4206405,Guaraciaba,SC,1,1,1,17255.0,1.0,1.0
21161690000130,3132701,Itambacuri,MG,1,1,1,2400.0,0.0,4.0
21185300000162,5219902,São Francisco de Goiás,GO,1,1,1,5000.0,0.0,51.0
21260443000191,3133808,Itaúna,MG,2,2,2,121104.76,0.0,3.5
21443235000128,5208004,Formosa,GO,1,1,1,1651154.98,0.0,58.0
21611579000107,3131703,Itabira,MG,1,1,1,153780.0,0.0,4.0
21750924000185,5218904,Rubiataba,GO,1,1,1,50840.0,0.0,6.0
21857271000138,3136207,João Monlevade,MG,2,1,2,5368.1,0.0,0.0
22040711000122,3137809,Lambari,MG,4,4,4,10545.42,0.0,17.0
22182519000170,3522208,Itapecerica da Serra,SP,1,1,1,11520.0,0.0,5.0
22310261000140,4114609,Marechal Cândido Rondon,PR,7,1,7,1130.57,1.0,6.0
22532629000115,2413102,Senador Elói de Souza,RN,1,1,1,48000.0,0.0,55.0
22604896000150,3143104,Monte Carmelo,MG,19,19,10,49387.24,0.0,14.0
23357740000185,1709500,Gurupi,TO,1,1,1,1706.69,0.0,12.0
23982047000101,2918001,Jequié,BA,3,3,3,845832.76,0.0,4.0
24238525000128,4300208,Ajuricaba,RS,1,1,1,3150.0,1.0,13.0
24513574000121,2504009,Campina Grande,PB,9,8,9,2051800.0,0.0,4.0
24810277000148,5201603,Araçu,GO,1,1,1,30400.0,0.0,7.0
25118534000148,3205309,Vitória,ES,1,1,1,87958.0,1.0,1.0
25769548000121,3170206,Uberlândia,MG,3,1,2,178070.0,0.0,4.0
26141515000103,3171303,Viçosa,MG,2,1,2,1057.35,0.0,8.0
26643419000155,5205406,Ceres,GO,1,1,1,39300.0,0.0,29.0
26938926000116,3523909,Itu,SP,3,3,3,42658.2,0.0,5.0
27108141000189,3200607,Aracruz,ES,5,2,5,964579.74,0.0,6.0
27174093002502,3205002,Serra,ES,1,1,1,8232.0,1.0,42.0
27174093002685,3205002,Serra,ES,2,2,2,2047292.6400000001,1.0,69.5
27174093002847,3205002,Serra,ES,1,1,1,1163160.0,1.0,20.0
27174093002928,3205002,Serra,ES,2,2,2,198482.7,1.0,51.0
27174093003142,3205002,Serra,ES,3,3,3,354709.0,1.0,77.0
27600799000103,5221452,Trombas,GO,10,7,7,294463.36,0.0,61.5
27611852000171,4209607,Lauro Müller,SC,3,3,3,665.94,1.0,1.0
28543098000142,3303302,Niterói,RJ,1,1,1,18900.0,1.0,302.0
28725566000108,5209705,Hidrolândia,GO,1,1,1,170000.0,0.0,5.0
28736680000125,5215603,Padre Bernardo,GO,3,2,2,15429.43,0.0,3.0
28842189000189,3200805,Baixo Guandu,ES,2,2,2,259480.0,0.0,157.5
28875494000177,5221858,Valparaíso de Goiás,GO,3,2,3,782989.26,0.0,81.0
29112760000172,3300605,Bom Jesus do Itabapoana,RJ,4,4,4,130975.0,0.0,13.0
29355454000167,2610608,Paudalho,PE,4,2,4,123658.0,0.0,5.0
29937718000190,3505807,Bastos,SP,16,2,13,360041.35,1.0,11.0
30479352000132,5215702,Palmeiras de Goiás,GO,1,1,1,837.6,0.0,1.0
30497215000120,5215231,Novo Gama,GO,1,1,1,1123000.0,0.0,13.0
30613786000183,5205513,Cocalzinho de Goiás,GO,1,1,1,2549500.0,0.0,0.0
30638611000120,5215603,Padre Bernardo,GO,8,6,7,431835.07,0.0,99.5
30704185000186,3203056,Jaguaré,ES,1,1,1,26460.0,0.0,5.0
30747548000160,4212502,Penha,SC,1,1,1,6334.85,1.0,19.0
30753960000193,4219309,Videira,SC,1,1,1,19910.0,1.0,1.0
30753994000188,4203204,Camboriú,SC,2,2,2,1644000.0,0.0,0.0
30773502000116,2608909,Limoeiro,PE,1,1,1,15000.0,0.0,5.0
30823266000103,5219902,São Francisco de Goiás,GO,1,1,1,14700.0,0.0,55.0
30899445000116,2918001,Jequié,BA,1,1,1,45599.6,0.0,2.0
30941262000111,5007695,São Gabriel do Oeste,MS,1,1,1,131412.58,0.0,109.0
30985841000166,2906808,Cansanção,BA,1,1,1,30290.0,0.0,4.0
31015782000166,2706406,Pão de Açúcar,AL,1,1,1,9600.0,0.0,2.0
31049535000180,4207304,Imbituba,SC,3,1,2,5287.0,1.0,4.0
31054454000179,5210000,Inhumas,GO,1,1,1,215000.0,0.0,27.0
31417180000135,3551702,Sertãozinho,SP,1,1,1,419.03,0.0,1.0
32370759000152,4119905,Ponta Grossa,PR,5,1,5,940506.07,0.0,5.0
32504706000187,3306305,Volta Redonda,RJ,1,1,1,3344.05,0.0,53.0
32531313000162,5212501,Luziânia,GO,2,1,2,202505.12,0.0,2.5
32556060000181,3303302,Niterói,RJ,1,1,1,89000.0,0.0,11.0
32974503000154,5107602,Rondonópolis,MT,1,1,1,10680.0,0.0,13.0
33002067000114,5220009,São João d'Aliança,GO,2,2,2,10000.0,0.0,7.0
33840043000134,3550308,São Paulo,SP,6,1,6,7968.71,0.0,1.5
34906284000100,3303302,Niterói,RJ,1,1,1,110400.0,0.0,0.0
35364914000116,5206909,Davinópolis,GO,3,3,2,64323.33,0.0,356.0
39223581000166,3304524,Rio das Ostras,RJ,2,1,2,5633.0,0.0,0.0
39750948000108,3304201,Resende,RJ,1,1,1,7275.0,0.0,5.0
39758701000120,3306305,Volta Redonda,RJ,2,2,1,449500.0,0.0,8.0
39831953000137,3305307,São Sebastião do Alto,RJ,2,2,1,4802.2,0.0,141.0
40475427000160,5208707,Goiânia,GO,1,1,1,124294.08,0.0,95.0
40637159000136,2910800,Feira de Santana,BA,12,1,12,360296.2,0.0,7.0
41090291000133,2611606,Recife,PE,1,1,1,160000.0,0.0,89.0
41134826000120,2504009,Campina Grande,PB,1,1,1,14400.0,0.0,5.0
41256744000159,2211001,Teresina,PI,1,1,1,10800.0,0.0,7.0
41683884000103,2300754,Amontada,CE,1,1,1,24000.0,0.0,46.0
41714199000105,2300754,Amontada,CE,1,1,1,234.96,1.0,48.0
41779117000100,3146008,Ouro Fino,MG,3,3,3,1683074.0,0.3333333333333333,14.0
41851556000179,2300754,Amontada,CE,1,1,1,354.4,1.0,48.0
41863890000142,5219902,São Francisco de Goiás,GO,3,2,3,64393.6,0.0,40.0
41923828000107,2300754,Amontada,CE,2,2,2,42000.0,0.0,20.5
43008975000179,2300754,Amontada,CE,1,1,1,582.88,1.0,48.0
43355376000121,2300754,Amontada,CE,1,1,1,24307.2,1.0,48.0
43467992000174,3501905,Amparo,SP,1,1,1,12950.0,0.0,4.0
44318534000136,5220009,São João d'Aliança,GO,2,2,2,14260.0,0.0,3.0
44392215000170,3548807,São Caetano do Sul,SP,4,3,3,2427717.4,0.0,8.5
44497659000170,3505302,Barra Bonita,SP,5,4,4,48302.0,0.0,1.0
44534082000120,3302205,Itaperuna,RJ,1,1,1,61200.0,0.0,21.0
44616474000138,5208509,Goiandira,GO,1,1,1,1807.68,0.0,0.0
44699908000100,3503307,Araras,SP,4,4,4,23102.68,0.0,36.5
44956238000160,5209705,Hidrolândia,GO,17,5,13,172404.93,0.17647058823529413,14.0
44984638000180,5222203,Vila Boa,GO,1,1,1,30360.0,0.0,0.0
45289329000152,3505500,Barretos,SP,1,1,1,447430.48,0.0,13.0
45316509000186,1718204,Porto Nacional,TO,1,1,1,13135.5,0.0,2.0
45378925000109,5206909,Davinópolis,GO,1,1,1,10000.0,0.0,308.0
45561894000127,1501303,Barcarena,PA,1,1,1,780.0,1.0,0.0
45579061000193,5201702,Aragarças,GO,1,1,1,22220.2,0.0,12.0
45704567000187,5213004,Maurilândia,GO,2,1,2,67231.5,0.0,57.0
45742707000101,3553609,Tapiratiba,SP,1,1,1,146500.0,0.0,0.0
45767829000152,3508702,Caconde,SP,11,4,7,76443.89,0.0,1.0
45788709000131,5210307,Israelândia,GO,1,1,1,280.0,0.0,7.0
45845902000167,5210604,Itaguaru,GO,1,1,1,127000.0,0.0,4.0
45959954000164,3510005,Cândido Mota,SP,1,1,1,211700.0,0.0,5.0
45965982000194,5216403,Paraúna,GO,3,2,3,3744926.4,0.0,5.0
46077256000106,4115200,Maringá,PR,1,1,1,1596.0,0.0,427.0
46139952000191,3506003,Bauru,SP,14,5,13,67375.82,0.0,14.0
46190305000104,5203302,Bela Vista de Goiás,GO,2,1,2,103.0,0.0,2.0
46251021000180,3520509,Indaiatuba,SP,2,2,2,29650.0,0.0,0.0
46392114000125,3550308,São Paulo,SP,8,8,8,315000.0,0.0,23.5
46675997000180,3526704,Leme,SP,3,3,3,17678.0,0.0,5.0
46709309000156,3524105,Ituverava,SP,7,7,7,106322.14,0.0,0.0
46712907000184,3524303,Jaboticabal,SP,1,1,1,13000.0,0.0,6.0
46969952000119,3501608,Americana,SP,1,1,1,35800.0,0.0,47.0
47018676000176,3509502,Campinas,SP,1,1,1,89939.52,0.0,1.0
48962625000160,3524402,Jacareí,SP,8,7,7,36881.35,0.0,0.5
49095809000133,5205703,Córrego do Ouro,GO,2,2,2,35600.0,0.0,20.5
49123521000125,5205000,Carmo do Rio Verde,GO,2,2,2,127560.0,0.0,10.0
49269244000163,3550308,São Paulo,SP,13,13,12,1449300.0,0.0,7.0
49269251000165,3550308,São Paulo,SP,1,1,1,5397.0,0.0,63.0
49576082000106,5207907,Flores de Goiás,GO,25,2,25,1736697.28,0.0,15.0
49962743000131,4104303,Campo Mourão,PR,1,1,1,882.0,0.0,4.0
50062751000100,3510401,Capivari,SP,2,2,2,810.2,0.0,0.0
50525166000108,2903201,Barreiras,BA,2,2,2,151900.0,0.0,5.0
50634611000160,3300209,Araruama,RJ,1,1,1,27359573.5,1.0,22.0
52193342000179,5213772,Montividiu do Norte,GO,1,1,1,62600.0,0.0,3.0
52742236000105,3530706,Mogi Guaçu,SP,2,2,2,780000.0,0.0,166.5
53855592000190,5220009,São João d'Aliança,GO,1,1,1,2171.32,0.0,4.0
54758896000100,5214903,Nova Roma,GO,1,1,1,2335.72,0.0,8.0
55262249000167,5215702,Palmeiras de Goiás,GO,1,1,1,28894.0,0.0,5.0
55555957000196,3555406,Ubatuba,SP,1,1,1,6000.0,0.0,3.0
57522468000163,3549904,São José dos Campos,SP,1,1,1,1527.0,0.0,0.0
59006460000170,3537107,Pedreira,SP,1,1,1,37491.96,0.0,22.0
59754648000104,3520442,Ilha Solteira,SP,4,4,4,78433.5,0.0,18.0
59989830000136,3529005,Marília,SP,1,1,1,6617.0,0.0,6.0
63761902000160,1100809,Candeias do Jamari,RO,1,1,1,1275388.37,0.0,26.0
67165936000143,3510401,Capivari,SP,1,1,1,1400.0,0.0,2.0
71480560000139,3552205,Sorocaba,SP,1,1,1,7000.0,0.0,10.0
72254576000196,4218004,Tijucas,SC,1,1,1,6000.0,0.0,1.0
74047341000159,4206009,Governador Celso Ramos,SC,1,1,1,1583.0,1.0,1.0
74125063000100,4113700,Londrina,PR,1,1,1,30000.0,1.0,13.0
74130709000148,5204805,Campo Alegre de Goiás,GO,1,1,1,100.0,0.0,5.0
75658435000127,4112009,Jaguariaíva,PR,7,2,7,177095.0,0.0,123.0
76878669000142,4114609,Marechal Cândido Rondon,PR,1,1,1,55000.0,0.0,1.0
76933969000187,4113700,Londrina,PR,1,1,1,150000.0,1.0,13.0
77651602000133,4113700,Londrina,PR,1,1,1,2186790.0,1.0,13.0
78634771000128,4113700,Londrina,PR,1,1,1,30000.0,1.0,13.0
79356713000142,4216206,São Francisco do Sul,SC,1,1,1,12000.0,0.0,0.0
80636475000108,4204202,Chapecó,SC,33,6,30,1233615.97,1.0,1.0
80889108000116,4104303,Campo Mourão,PR,1,1,1,1400.0,0.0,1.0
81286254000110,4203709,Canelinha,SC,7,5,7,7507.5,1.0,1.0
82568221000125,4201406,Araranguá,SC,2,2,2,454500.0,0.0,7.0
82662958000102,4202404,Blumenau,SC,4,4,4,129799.23999999999,0.0,3.5
82702879000188,4208807,Jaguaruna,SC,2,2,2,826.6999999999999,1.0,1.0
83108035000176,4209102,Joinville,SC,1,1,1,3166.29,1.0,5.0
83145375000177,4207908,Irineópolis,SC,1,1,1,620.0,1.0,1.0
83156455000128,4203600,Campos Novos,SC,24,5,23,110125.83009999999,1.0,1.0
83158105000109,4203600,Campos Novos,SC,3,3,3,49913.68,0.3333333333333333,0.0
83222034000158,4204301,Concórdia,SC,1,1,1,5271.93,1.0,1.0
83684324000113,4209706,Lebon Régis,SC,25,9,20,9399.25,1.0,2.0
83779462000186,4202404,Blumenau,SC,1,1,1,132150.0,0.0,5.0
83820076000190,4218103,Timbé do Sul,SC,2,1,2,225.0,1.0,1.0
83820894000193,4208203,Itajaí,SC,1,1,1,2680.0,1.0,1.0
83871277000117,4208708,Jacinto Machado,SC,5,1,5,2870.2400000000002,1.0,1.0
84438381000185,4208906,Jaraguá do Sul,SC,2,2,2,50439.0,0.0,0.5
84591890000143,4209003,Joaçaba,SC,17,11,15,126727.07,0.8823529411764706,1.0
84703248000109,4209102,Joinville,SC,28,21,25,732638.29,1.0,1.0
85908309000137,4215000,Rio Negrinho,SC,1,1,1,191.4,1.0,1.0
86446630000100,4217006,São Ludgero,SC,1,1,1,223.84,1.0,1.0
88659313000105,4305108,Caxias do Sul,RS,4,3,4,824226.51,0.0,3.0
89525901000100,4314902,Porto Alegre,RS,1,1,1,1005181.36,1.0,249.0
90896275000148,4312401,Montenegro,RS,2,2,2,29247.440000000002,0.0,7.0
94707684000100,4313409,Novo Hamburgo,RS,1,1,1,960000.0,0.0,5.0
95778502000154,4204251,Cocal do Sul,SC,2,2,2,1210.8,1.0,1.0
96041330000102,4317103,Sant'Ana do Livramento,RS,1,1,1,418800.0,0.0,5.0
96484134000102,3524402,Jacareí,SP,1,1,1,3310.0,0.0,3.0
97552692000112,4202099,Barra Bonita,SC,1,1,1,1110.0,1.0,1.0
