orgao_cnpj,portfolio_hhi,exposicao_strength,hhi_alto_q4,exposicao_alta_q4,quadrante
01071994000108,0.1611152470722187,0.8182276898503008,False,False,HHI baixo / exposição baixa
01280363000190,0.5724545693310483,0.991787275825859,True,True,HHI alto / exposição alta
01404511000131,0.3003873385785283,0.7326568155007269,False,False,HHI baixo / exposição baixa
01465988000127,0.9412607791646812,0.8841838243338248,True,False,HHI alto / exposição baixa
01648573000199,0.4119102734491426,0.8943557053496992,True,False,HHI alto / exposição baixa
01746653000187,0.0363917435583884,0.8134904648873739,False,False,HHI baixo / exposição baixa
01815216000178,0.1789351998544363,0.8926999034351872,False,False,HHI baixo / exposição baixa
01941360000150,0.0931695817364416,0.9339283708901271,False,True,HHI baixo / exposição alta
02073207000111,0.0511735563293138,0.7836099046661521,False,False,HHI baixo / exposição baixa
02247113000111,0.7329978763249883,0.7444380222122393,True,False,HHI alto / exposição baixa
02482295000105,0.4848852684643545,0.8366407923391986,True,False,HHI alto / exposição baixa
03061303000102,0.3474728937213164,0.7784213865410221,False,False,HHI baixo / exposição baixa
03264792000108,0.1743539307651748,0.900889715708532,False,False,HHI baixo / exposição baixa
03347877000141,0.4475288775807601,0.6826083294794314,True,False,HHI alto / exposição baixa
03347885000198,0.0965820366860118,0.8502672496592696,False,False,HHI baixo / exposição baixa
04402872000137,0.1,0.0906753812636165,False,False,HHI baixo / exposição baixa
04691691000178,0.9766555798621496,0.983642107662444,True,True,HHI alto / exposição alta
05029092000156,0.0961456766196791,0.9380731640634736,False,True,HHI baixo / exposição alta
05419083000171,0.1802980224026823,0.572651095439245,False,False,HHI baixo / exposição baixa
05532421000187,0.1479183246412831,0.644581098707301,False,False,HHI baixo / exposição baixa
05613121000122,0.212804290412101,0.4105326794926272,False,False,HHI baixo / exposição baixa
06073250000138,0.3271584470269085,0.6084807149410345,False,False,HHI baixo / exposição baixa
06089125000116,0.0519387476949377,0.7326567037352777,False,False,HHI baixo / exposição baixa
06129491000151,0.1713424282388326,0.5625742128460627,False,False,HHI baixo / exposição baixa
06216559000130,0.3799429210123508,0.755155901260748,False,False,HHI baixo / exposição baixa
06231312000192,0.0860760944580016,0.8940220203270702,False,False,HHI baixo / exposição baixa
07104377000130,0.2558230033871064,0.5729719545316578,False,False,HHI baixo / exposição baixa
07276220000191,0.7075186031289357,0.6004629002284829,True,False,HHI alto / exposição baixa
07742778000115,0.3139983095485398,0.9488679381465204,False,True,HHI baixo / exposição alta
07750478000188,0.4724366497758493,0.5664127835997415,True,False,HHI alto / exposição baixa
07777639000127,0.3039892693160554,0.2746603698076407,False,False,HHI baixo / exposição baixa
07868234000102,0.2526071570995468,0.5757647971241331,False,False,HHI baixo / exposição baixa
08083086000175,0.2658594265805699,0.5711404717581062,False,False,HHI baixo / exposição baixa
08184785000101,0.3867824149213559,0.4152847618097953,False,False,HHI baixo / exposição baixa
08184821000137,0.3150295414420884,0.9120183581709456,False,True,HHI baixo / exposição alta
08259606000158,0.4213763658983044,0.8968687236761163,True,False,HHI alto / exposição baixa
08281643000162,0.4318799753036099,0.922921264469354,True,True,HHI alto / exposição alta
08289417000128,0.1062468182065188,0.8317429518245288,False,False,HHI baixo / exposição baixa
08345495000100,0.338823545006424,0.90758948666251,False,True,HHI baixo / exposição alta
08418330000103,0.9955978314842208,0.9989739796869648,True,True,HHI alto / exposição alta
08438054000145,0.2015286106337952,0.9262624011775538,False,True,HHI baixo / exposição alta
08595042000124,0.2016684640284328,0.9175767943985372,False,True,HHI baixo / exposição alta
08595187000125,0.1613617030365475,0.7749663607935842,False,False,HHI baixo / exposição baixa
08692266000154,0.0613471855334072,0.8303249406231867,False,False,HHI baixo / exposição baixa
08857731000160,0.3431689720843457,0.9135439526975434,False,True,HHI baixo / exposição alta
08858200000191,0.0630568803628081,0.8413697999248844,False,False,HHI baixo / exposição baixa
08931506000126,0.5324200613682255,0.9052962309802493,True,True,HHI alto / exposição alta
08971900000198,0.2514760899295422,0.92485280617586,False,True,HHI baixo / exposição alta
08999257000100,0.0869174203536576,0.9080359909391398,False,True,HHI baixo / exposição alta
09240588000125,0.4639113080784708,0.927456082175441,True,True,HHI alto / exposição alta
09522642000125,0.3579535880808501,0.7509252176402287,False,False,HHI baixo / exposição baixa
09579148000105,0.2208670408671542,0.7457735412624049,False,False,HHI baixo / exposição baixa
10324957000147,0.0599742396109383,0.8657993531553212,False,False,HHI baixo / exposição baixa
10377912000130,0.2017076212548065,0.8716938498032724,False,False,HHI baixo / exposição baixa
10391817000191,0.0462668283721302,0.8594502847107583,False,False,HHI baixo / exposição baixa
10396929000135,0.0726726314813629,0.8865093083458063,False,False,HHI baixo / exposição baixa
10429180000185,0.4632489297000786,0.7083645839978183,True,False,HHI alto / exposição baixa
10441099000110,0.0813048054634211,0.904883098351792,False,True,HHI baixo / exposição alta
10455823000165,0.1323484008182351,0.9311273942974908,False,True,HHI baixo / exposição alta
10465435000165,0.1053526492355345,0.8743369327601217,False,False,HHI baixo / exposição baixa
10469199000155,0.1299377474774044,0.8894160402527519,False,False,HHI baixo / exposição baixa
10478051000187,0.0618435017310408,0.8261246865656238,False,False,HHI baixo / exposição baixa
10479670000196,0.1033638129373017,0.907377536042578,False,True,HHI baixo / exposição alta
10481963000108,0.0807246803133762,0.8979953376949972,False,False,HHI baixo / exposição baixa
10496698000131,0.2870698007818966,0.8577546413079932,False,False,HHI baixo / exposição baixa
10532003000120,0.1504322126317979,0.8822033281840814,False,False,HHI baixo / exposição baixa
10540697000147,0.0487876203070814,0.806174730891205,False,False,HHI baixo / exposição baixa
10551277000166,0.6316649083176105,0.959848347121891,True,True,HHI alto / exposição alta
10552903000139,0.1457990295329228,0.8107936978424899,False,False,HHI baixo / exposição baixa
10564533000150,0.1750375414865113,0.7379161512169212,False,False,HHI baixo / exposição baixa
10565436000181,0.0826105392677171,0.8554297293384397,False,False,HHI baixo / exposição baixa
10568451000183,0.1032787638291208,0.8200480392905835,False,False,HHI baixo / exposição baixa
10589926000118,0.9450241918377296,0.8271421279799608,True,False,HHI alto / exposição baixa
10594533000100,0.1327074832696713,0.8771618188767032,False,False,HHI baixo / exposição baixa
10596772000191,0.8230888910240182,0.8130994004837524,True,False,HHI alto / exposição baixa
10624466000111,0.095154950219739,0.8919138920977769,False,False,HHI baixo / exposição baixa
10628610000198,0.3497629137293805,0.9140333005875104,False,True,HHI baixo / exposição alta
10631880000158,0.1122679768453336,0.9268336486243236,False,True,HHI baixo / exposição alta
10698251000145,0.2540475069890011,0.8822273594735242,False,False,HHI baixo / exposição baixa
10714485000139,0.0647911606593791,0.8951439019945655,False,False,HHI baixo / exposição baixa
10788473000159,0.1342547245506519,0.8666635742884459,False,False,HHI baixo / exposição baixa
10971858000157,0.2775212819784814,0.9017150904559292,False,False,HHI baixo / exposição baixa
11124654000143,0.2443608469782419,0.3937904184693742,False,False,HHI baixo / exposição baixa
11149280000110,0.6135087740055182,0.5730004572581088,True,False,HHI alto / exposição baixa
11166368000140,0.153831993848772,0.6212427055085502,False,False,HHI baixo / exposição baixa
11171868000170,0.2495721974765049,0.9401503460331068,False,True,HHI baixo / exposição alta
11188015000141,0.1064472486547641,0.9126992887348834,False,True,HHI baixo / exposição alta
11221619000142,0.1150183143517055,0.6530740029916118,False,False,HHI baixo / exposição baixa
11231203000105,0.6247687653376499,0.8448492852677804,True,False,HHI alto / exposição baixa
11232665000147,0.2531605334171239,0.8560412729452215,False,False,HHI baixo / exposição baixa
11241709000103,0.1139929676706828,0.9235062851405912,False,True,HHI baixo / exposição alta
11243552000147,0.1266802222395627,0.8348646168894733,False,False,HHI baixo / exposição baixa
11246073000184,0.1564838667042625,0.9229191884049186,False,True,HHI baixo / exposição alta
11265919000123,0.1348559481624933,0.8384472516413332,False,False,HHI baixo / exposição baixa
11271704000115,0.0974776511194663,0.8334009086843733,False,False,HHI baixo / exposição baixa
11290422000165,0.2360821171556766,0.8361794279915101,False,False,HHI baixo / exposição baixa
11293409000160,0.2156816026598842,0.9903190058265,False,True,HHI baixo / exposição alta
11303923000139,0.1059887809761399,0.8122860351965825,False,False,HHI baixo / exposição baixa
11307015000113,0.6422406483768424,0.5354008995928324,True,False,HHI alto / exposição baixa
11310394000109,0.0481968301983424,0.8530167056267842,False,False,HHI baixo / exposição baixa
11323077000119,0.2120795097462121,0.7890593295935722,False,False,HHI baixo / exposição baixa
11323964000197,0.1473236589535164,0.8194148727552767,False,False,HHI baixo / exposição baixa
11323985000102,0.0667648508677211,0.8444292416873619,False,False,HHI baixo / exposição baixa
11329956000158,0.0623537222969228,0.8773548990010969,False,False,HHI baixo / exposição baixa
11331930000144,0.22189749706313,0.8589800761004566,False,False,HHI baixo / exposição baixa
11333647000151,0.0830038597662406,0.7641496278960167,False,False,HHI baixo / exposição baixa
11344960000195,0.0834765443739029,0.8418068995391205,False,False,HHI baixo / exposição baixa
11355483000163,0.0634603188425925,0.8924880631197474,False,False,HHI baixo / exposição baixa
11359214000175,0.2052572924086388,0.8805448975403871,False,False,HHI baixo / exposição baixa
11359904000124,0.2205208278573496,0.7458338032773002,False,False,HHI baixo / exposição baixa
11360515000119,0.2020399966125369,0.7673941339278707,False,False,HHI baixo / exposição baixa
11364954000108,0.0742911934076688,0.9057451490771884,False,True,HHI baixo / exposição alta
11375809000114,0.3182692240757021,0.6358143535046081,False,False,HHI baixo / exposição baixa
11391482000174,0.1855671498576022,0.8307717881078712,False,False,HHI baixo / exposição baixa
11395801000110,0.1494856253527529,0.8668528071633099,False,False,HHI baixo / exposição baixa
11407443000118,0.1250092971865612,0.8111585022237963,False,False,HHI baixo / exposição baixa
11408074000188,0.3362216505533447,0.5622243109917465,False,False,HHI baixo / exposição baixa
11418721000132,0.2814297796112014,0.9005515642916588,False,False,HHI baixo / exposição baixa
11420915000172,0.3471892945739313,0.6058682053673634,False,False,HHI baixo / exposição baixa
11423342000130,0.0865592264812733,0.7870407640756689,False,False,HHI baixo / exposição baixa
11431615000199,0.2410550842855903,0.6749368062760644,False,False,HHI baixo / exposição baixa
11433441000101,0.0820863485427253,0.7798839785316486,False,False,HHI baixo / exposição baixa
11436906000170,0.7274219028595077,0.9767848578607848,True,True,HHI alto / exposição alta
11436910000138,0.2834074969672476,0.7227804844730458,False,False,HHI baixo / exposição baixa
11444466000100,0.2857846221675343,0.788345431835735,False,False,HHI baixo / exposição baixa
11455792000105,0.0661593720418511,0.8974403443911094,False,False,HHI baixo / exposição baixa
11481782000144,0.1873038545188425,0.6612060442487295,False,False,HHI baixo / exposição baixa
11485410000196,0.0919650816807774,0.9007664793805872,False,False,HHI baixo / exposição baixa
11491075000139,0.0849234339344193,0.8798955670557124,False,False,HHI baixo / exposição baixa
11520158000109,0.140843872243101,0.7540535866239086,False,False,HHI baixo / exposição baixa
11553540000119,0.1298229915978703,0.7797027640654847,False,False,HHI baixo / exposição baixa
11607258000177,0.237602855793145,0.7434974435650716,False,False,HHI baixo / exposição baixa
11627479000107,0.6940156798037598,0.9526062631917228,True,True,HHI alto / exposição alta
11701954000148,0.2619931468279527,0.7523434448844288,False,False,HHI baixo / exposição baixa
11732185000145,0.4573338995149725,0.9307612429421837,True,True,HHI alto / exposição alta
11750074000161,0.1798280777057393,0.8082450890013133,False,False,HHI baixo / exposição baixa
11839890000146,0.2052142840983325,0.5401427231483299,False,False,HHI baixo / exposição baixa
11840546000177,0.1368483358889985,0.8614694316586844,False,False,HHI baixo / exposição baixa
11850969000178,0.3350552287426558,0.8855966749919733,False,False,HHI baixo / exposição baixa
11873495000180,0.0927258440966563,0.8435166682612739,False,False,HHI baixo / exposição baixa
11888327000168,0.0510717661138787,0.8527257968958141,False,False,HHI baixo / exposição baixa
11924138000101,0.6856784540191366,0.8807508203301369,True,False,HHI alto / exposição baixa
11960753000165,0.0875665729783429,0.9049697507497496,False,True,HHI baixo / exposição alta
12094507000130,0.6540092327645155,0.8888846091547954,True,False,HHI alto / exposição baixa
12139961000160,0.0973363792644915,0.8524981464069277,False,False,HHI baixo / exposição baixa
12273240000149,0.2104859412234336,0.7188176644096933,False,False,HHI baixo / exposição baixa
12298037000127,0.6902825742296533,0.9326627847617276,True,True,HHI alto / exposição alta
12321353000172,0.2037930796367015,0.9297840185612368,False,True,HHI baixo / exposição alta
12334083000134,0.4095757885357657,0.8845326818149108,True,False,HHI alto / exposição baixa
12488175000179,0.2576240271193461,0.7329843142294522,False,False,HHI baixo / exposição baixa
12710978000126,0.8114977311037767,0.9530564431981584,True,True,HHI alto / exposição alta
13183513000127,0.3616990377566926,0.850969900249962,False,False,HHI baixo / exposição baixa
13417917000138,0.131530783191322,0.8985889125295978,False,False,HHI baixo / exposição baixa
13497205000176,0.0829886583314778,0.5462627147710061,False,False,HHI baixo / exposição baixa
13844779000173,0.2982558485082818,0.7330566090423065,False,False,HHI baixo / exposição baixa
13886006000150,0.4570165888991794,0.8823823303140556,True,False,HHI alto / exposição baixa
13954199000139,0.0807264365019729,0.5781042342407813,False,False,HHI baixo / exposição baixa
14007211000160,0.4220149131457742,0.90635094899183,True,True,HHI alto / exposição alta
14464143000169,0.3574598298121066,0.7883774362355778,False,False,HHI baixo / exposição baixa
14492062000172,0.4601104961317251,0.6718672387134426,True,False,HHI alto / exposição baixa
14499742000118,0.2072268470343392,0.7299107456602713,False,False,HHI baixo / exposição baixa
14608771000170,0.0604103453438841,0.8768731974597651,False,False,HHI baixo / exposição baixa
14645035000192,0.6541966143794241,0.9430995394088968,True,True,HHI alto / exposição alta
14682109000160,0.4207289954339527,0.974343570511358,True,True,HHI alto / exposição alta
14792165000158,0.3119733773679624,0.9805269717281316,False,True,HHI baixo / exposição alta
14810479000136,0.2899138675288668,0.7419807473970689,False,False,HHI baixo / exposição baixa
14814139000183,0.6246677902278505,0.8953948821639851,True,False,HHI alto / exposição baixa
16692121000181,0.480832443574528,0.9925972035329416,True,True,HHI alto / exposição alta
17710115000172,0.127041665867616,0.9420406954376708,False,True,HHI baixo / exposição alta
17756464000125,0.1270418646801504,0.6886464972981458,False,False,HHI baixo / exposição baixa
17799033000146,0.0450854625984814,0.8289086128315142,False,False,HHI baixo / exposição baixa
17932766000107,0.0595349134167975,0.8553399421318968,False,False,HHI baixo / exposição baixa
19498254000100,0.6628954575754437,0.7186039118534245,True,False,HHI alto / exposição baixa
19500817000157,0.4642918522855427,0.957618830905559,True,True,HHI alto / exposição alta
19893791000154,0.4964741959784523,0.7648075624120731,True,False,HHI alto / exposição baixa
20260121000180,0.4440288713141881,0.85566307038722,True,False,HHI alto / exposição baixa
20266755000140,0.2682913812813162,0.7559762610863621,False,False,HHI baixo / exposição baixa
21260443000191,0.2334210695139254,0.8796355353465614,False,False,HHI baixo / exposição baixa
22040711000122,0.3921119015145533,0.7627000540421728,False,False,HHI baixo / exposição baixa
22257307000105,0.6197170802244238,0.5171333082004912,True,False,HHI alto / exposição baixa
22604896000150,0.1532490352923083,0.4531673889998772,False,False,HHI baixo / exposição baixa
22936439000163,0.4333952300360554,0.8610610591324894,True,False,HHI alto / exposição baixa
23848604000198,0.9051456505695818,0.9183623894620891,True,True,HHI alto / exposição alta
23848859000150,0.9053418668552656,0.9231376089364206,True,True,HHI alto / exposição alta
25769548000121,0.1066487214125394,0.9602042853077112,False,True,HHI baixo / exposição alta
26938926000116,0.6751457677526279,0.98305913340939,True,True,HHI alto / exposição alta
27108141000189,0.7636281164003297,0.9794634114225538,True,True,HHI alto / exposição alta
27562511000153,0.2464794040886927,0.8116134793477463,False,False,HHI baixo / exposição baixa
27611852000171,0.2460070507476748,0.8737214903909368,False,False,HHI baixo / exposição baixa
27780220000131,0.2579346786169961,0.9221176277681772,False,True,HHI baixo / exposição alta
27834977000160,0.4952239235365877,0.9758623376644862,True,True,HHI alto / exposição alta
29112760000172,0.5854652949462316,0.9384694730314522,True,True,HHI alto / exposição alta
30753960000193,0.5165116469898464,0.5734148788910572,True,False,HHI alto / exposição baixa
30753994000188,0.254534678932805,0.9709883789206962,False,True,HHI baixo / exposição alta
31030892000105,0.0814145985518505,0.8762632054662217,False,False,HHI baixo / exposição baixa
31724255000120,0.4400080718715813,0.7205374595845747,True,False,HHI alto / exposição baixa
32001836000105,0.1317824463272859,0.8032427949131111,False,False,HHI baixo / exposição baixa
32370759000152,0.2974778317507576,0.8363621447529335,False,False,HHI baixo / exposição baixa
32504706000187,0.1555689079017702,0.714952456684589,False,False,HHI baixo / exposição baixa
37622644000121,0.2621066186484805,0.6018641955482434,False,False,HHI baixo / exposição baixa
40637159000136,0.1256945890383856,0.8913924768353542,False,False,HHI baixo / exposição baixa
41779117000100,0.2188774795666178,0.7628622406008557,False,False,HHI baixo / exposição baixa
44497659000170,0.4734401957851448,0.4187451257176298,True,False,HHI alto / exposição baixa
44616474000138,0.06502827528233,0.4570582010095527,False,False,HHI baixo / exposição baixa
46139952000191,0.3989901680464943,0.8570015330914003,False,False,HHI baixo / exposição baixa
46190305000104,0.3331127457188564,0.6881211563497786,False,False,HHI baixo / exposição baixa
46675997000180,0.2481825572480381,0.7056280503608072,False,False,HHI baixo / exposição baixa
46709309000156,0.2678876576384843,0.7095706766601452,False,False,HHI baixo / exposição baixa
46854998000192,0.2493740151341959,0.6014983223596619,False,False,HHI baixo / exposição baixa
46965083000154,0.2236142326056898,0.9356855627543011,False,True,HHI baixo / exposição alta
48962625000160,0.2476810740155492,0.8611783326378378,False,False,HHI baixo / exposição baixa
49286753000102,0.3606301471065781,0.7210100060594031,False,False,HHI baixo / exposição baixa
50062751000100,0.1984188984594895,0.55835896225513,False,False,HHI baixo / exposição baixa
54675103000180,0.3588094518199501,0.7173782525570688,False,False,HHI baixo / exposição baixa
57500902000104,0.4427656536477387,0.9381246392992344,True,True,HHI alto / exposição alta
57522468000163,0.4041526245842868,0.4462168720568806,True,False,HHI alto / exposição baixa
57538696000121,0.2744314419463249,0.5542592488750123,False,False,HHI baixo / exposição baixa
59006460000170,0.3148581723705672,0.8714745624334025,False,False,HHI baixo / exposição baixa
59989830000136,0.2598561204325467,0.172290776994,False,False,HHI baixo / exposição baixa
72962806000171,0.2179297355380609,0.9100445057652816,False,True,HHI baixo / exposição alta
74047341000159,0.813721172470854,0.7874266445140782,True,False,HHI alto / exposição baixa
79376760000158,0.1246101683831999,0.837634525526592,False,False,HHI baixo / exposição baixa
80636475000108,0.1561872417002754,0.9247670509287392,False,True,HHI baixo / exposição alta
81286254000110,0.0966884672310565,0.8616674258987113,False,False,HHI baixo / exposição baixa
82568221000125,0.7093650987261882,0.8376276953663928,True,False,HHI alto / exposição baixa
82636028000184,0.943483706328319,0.9788553363521494,True,True,HHI alto / exposição alta
82702879000188,0.3188565916630999,0.3173309116959036,False,False,HHI baixo / exposição baixa
82985003000196,0.1805215713444126,0.94068389272805,False,True,HHI baixo / exposição alta
83108035000176,0.5162519009321646,0.9469501865825732,True,True,HHI alto / exposição alta
83145375000177,0.1223520820494358,0.8050261191399692,False,False,HHI baixo / exposição baixa
83156455000128,0.4262168402391702,0.9180074853121516,True,True,HHI alto / exposição alta
83158105000109,0.2287975383253824,0.4585211325783171,False,False,HHI baixo / exposição baixa
83222034000158,0.2295473246778484,0.4639907026006701,False,False,HHI baixo / exposição baixa
83684324000113,0.1717612638106541,0.7542467276131879,False,False,HHI baixo / exposição baixa
84438381000185,0.7581032796356979,0.7926286361939792,True,False,HHI alto / exposição baixa
84591890000143,0.5605519745893179,0.6425267726879796,True,False,HHI alto / exposição baixa
84703248000109,0.3581138788642748,0.9394199807540148,False,True,HHI baixo / exposição alta
85908309000137,0.3118332668842191,0.4490870878656253,False,False,HHI baixo / exposição baixa
89421259000110,0.3025357377222033,0.7926925852188601,False,False,HHI baixo / exposição baixa
90896275000148,0.2344072738851561,0.5402728203776316,False,False,HHI baixo / exposição baixa
