orgao_cnpj,portfolio_hhi,count_hhi,portfolio_neff,count_neff,portfolio_cr1,portfolio_cr4,relacao_hhi,razao_neff_valor_frequencia
01071994000108,0.1611152470722187,0.0454545454545454,6.206737215576856,22.0,0.3178000565745746,0.6644836602832488,HHI monetário > HHI frequência,0.2821244188898571
01280363000190,0.5724545693310483,0.1428571428571428,1.7468635129746055,7.0,0.6941471463679356,0.999741112759237,HHI monetário > HHI frequência,0.24955193042494364
01404511000131,0.3003873385785283,0.14,3.329035120894672,7.142857142857142,0.4115086884231437,0.9527958647181362,HHI monetário > HHI frequência,0.4660649169252541
01465988000127,0.9412607791646812,0.1666666666666666,1.0624048320460633,5.999999999999999,0.96998229666282,0.998191006222042,HHI monetário > HHI frequência,0.17706747200767725
01648573000199,0.4119102734491426,0.0422222222222222,2.427713180412984,23.684210526315788,0.632364705077263,0.7880289174304604,HHI monetário > HHI frequência,0.10250344539521489
01746653000187,0.0363917435583884,0.0196432818073721,27.478760351109827,50.90799031476996,0.0885008632445654,0.2487909169085756,HHI monetário > HHI frequência,0.5397730332940956
01815216000178,0.1789351998544363,0.0769230769230769,5.588615324505739,12.999999999999996,0.307286461698136,0.7639224097873859,HHI monetário > HHI frequência,0.42989348650044157
01941360000150,0.0931695817364416,0.0848765432098765,10.733116767968358,11.78181818181818,0.1666802933705116,0.509695585914644,HHI monetário > HHI frequência,0.910989849133117
02073207000111,0.0511735563293138,0.0360493827160493,19.541342672468684,27.73972602739726,0.0975683022019895,0.3377450507732332,HHI monetário > HHI frequência,0.7044533407852908
02247113000111,0.7329978763249883,0.125,1.3642604328046255,8.0,0.8496644444991219,0.984597884795768,HHI monetário > HHI frequência,0.1705325541005782
02482295000105,0.4848852684643545,0.0933333333333333,2.062343537816747,10.714285714285714,0.6236593460560105,0.9727974818313008,HHI monetário > HHI frequência,0.1924853968628964
03061303000102,0.3474728937213164,0.183673469387755,2.877922330258169,5.444444444444445,0.5136990809769277,0.9486540663241678,HHI monetário > HHI frequência,0.5285979790270107
03264792000108,0.1743539307651748,0.0816326530612245,5.735460024396183,12.249999999999998,0.2663211317375823,0.7816470886900712,HHI monetário > HHI frequência,0.46820081831805577
03347877000141,0.4475288775807601,0.2,2.234492677669816,4.999999999999999,0.6342311578632597,0.9942180389660188,HHI monetário > HHI frequência,0.4468985355339633
03347885000198,0.0965820366860118,0.0450680272108843,10.353892238274076,22.18867924528302,0.2221880505976972,0.5293011491898905,HHI monetário > HHI frequência,0.46662949713310037
04402872000137,0.1,0.1,9.999999999999996,9.999999999999996,0.1,0.4,HHI monetário = HHI frequência,1.0
04691691000178,0.9766555798621496,0.1005917159763313,1.0239024079923296,9.941176470588234,0.9882270353407868,0.998306892791474,HHI monetário > HHI frequência,0.10299610021224619
05029092000156,0.0961456766196791,0.0271609386964551,10.400883691896755,36.81757877280264,0.1032163736151059,0.4128654944604239,HHI monetário > HHI frequência,0.28249776434456764
05419083000171,0.1802980224026823,0.1,5.546372537390197,9.999999999999996,0.2813741563464879,0.7437000326394023,HHI monetário > HHI frequência,0.55463725373902
05532421000187,0.1479183246412831,0.0520833333333333,6.760487603041075,19.2,0.2374937691010463,0.6838367625551187,HHI monetário > HHI frequência,0.352108729325056
05613121000122,0.212804290412101,0.1851851851851851,4.699153377328408,5.4,0.3011016257849795,0.8378906143831399,HHI monetário > HHI frequência,0.8702135883941496
06073250000138,0.3271584470269085,0.1239669421487603,3.056622896604442,8.066666666666666,0.5345156199525181,0.8320144685477763,HHI monetário > HHI frequência,0.37892019379393915
06089125000116,0.0519387476949377,0.0280612244897959,19.25344842493124,35.63636363636364,0.1075732355056596,0.3545594480223096,HHI monetário > HHI frequência,0.5402753384547031
06129491000151,0.1713424282388326,0.0714285714285714,5.836266068355871,14.0,0.2939745051722733,0.7251669789036409,HHI monetário > HHI frequência,0.4168761477397051
06216559000130,0.3799429210123508,0.183673469387755,2.6319742906000685,5.444444444444445,0.4592431574004072,0.9570034828408486,HHI monetário > HHI frequência,0.4834238492938901
06231312000192,0.0860760944580016,0.0521447566192623,11.617627475976173,19.17738359201774,0.2046480772542973,0.4742636485642397,HHI monetário > HHI frequência,0.6057983572280325
07104377000130,0.2558230033871064,0.074074074074074,3.908952622555288,13.5,0.4179990078049403,0.862562183682778,HHI monetário > HHI frequência,0.2895520461152065
07276220000191,0.7075186031289357,0.4375,1.413390397902744,2.2857142857142856,0.8288266223953359,1.0,HHI monetário > HHI frequência,0.6183582990824505
07742778000115,0.3139983095485398,0.0555555555555555,3.184730521122164,18.0,0.4984583701349093,0.9343012697754228,HHI monetário > HHI frequência,0.17692947339567577
07750478000188,0.4724366497758493,0.2,2.116685910109761,4.999999999999999,0.5093705441971723,0.9946566964037372,HHI monetário > HHI frequência,0.42333718202195225
07777639000127,0.3039892693160554,0.183673469387755,3.289589801146261,5.444444444444445,0.4588960272715353,0.934443424675495,HHI monetário > HHI frequência,0.6042103716391092
07868234000102,0.2526071570995468,0.1428571428571428,3.958716021675991,7.0,0.3569962934361664,0.9037280285143068,HHI monetário > HHI frequência,0.5655308602394273
08083086000175,0.2658594265805699,0.2189349112426035,3.761386281697051,4.567567567567567,0.3576974215688142,0.954393352691624,HHI monetário > HHI frequência,0.8234987717324906
08184785000101,0.3867824149213559,0.2098765432098765,2.585432949952828,4.764705882352941,0.5575493731287787,0.9845693237846986,HHI monetário > HHI frequência,0.5426217302370133
08184821000137,0.3150295414420884,0.0111242603550295,3.1743054807570457,89.89361702127661,0.5550959080524165,0.6482134745634246,HHI monetário > HHI frequência,0.03531180061433873
08259606000158,0.4213763658983044,0.0525711002585464,2.3731753390301478,19.02185792349726,0.6305375423919514,0.8524729600060588,HHI monetário > HHI frequência,0.12476043867926377
08281643000162,0.4318799753036099,0.0330466274332277,2.315458129997817,30.26027397260272,0.6380988266275648,0.838063473182907,HHI monetário > HHI frequência,0.07651808215927602
08289417000128,0.1062468182065188,0.0433979686057248,9.412046561773122,23.042553191489368,0.2541496036905125,0.5353140496091414,HHI monetário > HHI frequência,0.40846370120345027
08345495000100,0.338823545006424,0.1570247933884297,2.9513887530485525,6.36842105263158,0.4864237711688137,0.9545298665033214,HHI monetário > HHI frequência,0.4634412091563842
08418330000103,0.9955978314842208,0.28,1.0044216332906395,3.571428571428571,0.9977954164061584,1.0,HHI monetário > HHI frequência,0.2812380573213791
08438054000145,0.2015286106337952,0.078125,4.962074600003746,12.8,0.4061230919735885,0.6607795491245516,HHI monetário > HHI frequência,0.38766207812529263
08595042000124,0.2016684640284328,0.0330871037242228,4.958633491942559,30.223255813953493,0.3839647075055299,0.7455582349164876,HHI monetário > HHI frequência,0.16406682067830872
08595187000125,0.1613617030365475,0.1,6.197257349059495,9.999999999999996,0.2696752093054707,0.7227491652365303,HHI monetário > HHI frequência,0.6197257349059497
08692266000154,0.0613471855334072,0.0393378426486293,16.3006663028647,25.420814479638015,0.136637663494633,0.4041411950536036,HHI monetário > HHI frequência,0.641233046089907
08857731000160,0.3431689720843457,0.1239669421487603,2.9140163632107603,8.066666666666666,0.4795983947690341,0.9717843603162754,HHI monetário > HHI frequência,0.3612416979186893
08858200000191,0.0630568803628081,0.0362348241315814,15.85869764324426,27.597760551248918,0.1358857176112892,0.4170821448233621,HHI monetário > HHI frequência,0.5746371200588806
08931506000126,0.5324200613682255,0.0256410256410256,1.878216229174717,39.000000000000014,0.7263590680676107,0.8203780991735536,HHI monetário > HHI frequência,0.0481593904916594
08971900000198,0.2514760899295422,0.1005917159763313,3.976521188476315,9.94117647058824,0.4717427245800966,0.7035883894334629,HHI monetário > HHI frequência,0.4000050899650729
08999257000100,0.0869174203536576,0.0426758938869665,11.505173484568544,23.43243243243244,0.1585707514246841,0.4680525292412181,HHI monetário > HHI frequência,0.4909935627785883
09240588000125,0.4639113080784708,0.1875,2.1555844459623508,5.333333333333333,0.6545186683251105,0.9375486709672408,HHI monetário > HHI frequência,0.40417208361794077
09522642000125,0.3579535880808501,0.0416666666666666,2.793658265479189,24.0,0.5872172654615674,0.7309087497379708,HHI monetário > HHI frequência,0.11640242772829955
09579148000105,0.2208670408671542,0.0472589792060491,4.5276108018374455,21.16000000000001,0.3617257653745961,0.8277928768549194,HHI monetário > HHI frequência,0.21397026473711925
10324957000147,0.0599742396109383,0.0416518333926664,16.673825403825806,24.008547008547005,0.1164513650868094,0.384214266199578,HHI monetário > HHI frequência,0.6944953977385616
10377912000130,0.2017076212548065,0.0345413965352322,4.957670879162038,28.95076923076924,0.3996195667168445,0.6996863917048121,HHI monetário > HHI frequência,0.17124487572830926
10391817000191,0.0462668283721302,0.0359635569289786,21.613757311326125,27.80592592592593,0.0801377645224016,0.298561970509095,HHI monetário > HHI frequência,0.7773075915150052
10396929000135,0.0726726314813629,0.0211118416246621,13.760338377955293,47.36678200692042,0.17437019413655,0.4305867768895614,HHI monetário > HHI frequência,0.29050608453715243
10429180000185,0.4632489297000786,0.0657439446366782,2.158666617206068,15.210526315789473,0.6728952832128063,0.8231017336577564,HHI monetário > HHI frequência,0.14191925857064114
10441099000110,0.0813048054634211,0.0674571382791219,12.299396011099226,14.82422802850356,0.1551053793093462,0.4777099420606162,HHI monetário > HHI frequência,0.8296820574704014
10455823000165,0.1323484008182351,0.1058514135437212,7.555814757243512,9.4472049689441,0.2174639475831259,0.6658240664383783,HHI monetário > HHI frequência,0.7997936725287347
10465435000165,0.1053526492355345,0.0798611111111111,9.491930267119557,12.521739130434783,0.1997310152086721,0.5290930495770474,HHI monetário > HHI frequência,0.7580360977213535
10469199000155,0.1299377474774044,0.0387523629489603,7.695993038311636,25.804878048780488,0.1797309646986996,0.6162204503955414,HHI monetário > HHI frequência,0.2982379154733243
10478051000187,0.0618435017310408,0.0417979416089056,16.169847631672415,23.924623115577887,0.1182592122000865,0.3878308153806675,HHI monetário > HHI frequência,0.6758663471335457
10479670000196,0.1033638129373017,0.0666666666666666,9.674565707116267,14.999999999999996,0.1840240826398805,0.5687771852147718,HHI monetário > HHI frequência,0.6449710471410847
10481963000108,0.0807246803133762,0.0577037477691849,12.387785199247142,17.3298969072165,0.1236013258505383,0.4293638029573476,HHI monetário > HHI frequência,0.7148216325562001
10496698000131,0.2870698007818966,0.0342235100634348,3.483473347862729,29.219679633867266,0.52183753513461,0.69107550249113,HHI monetário > HHI frequência,0.11921668517628735
10532003000120,0.1504322126317979,0.0352743224565831,6.647512407782154,28.349233390119245,0.3622737941455133,0.5202004680048951,HHI monetário > HHI frequência,0.23448649620624512
10540697000147,0.0487876203070814,0.0393871952797474,20.497003004158643,25.38896189224704,0.105234830659714,0.3426726196152934,HHI monetário > HHI frequência,0.8073194599743663
10551277000166,0.6316649083176105,0.1900826446280991,1.5831178633358325,5.260869565217392,0.7821476870110795,0.9909916894627274,HHI monetário > HHI frequência,0.3009232302208607
10552903000139,0.1457990295329228,0.0527200168031926,6.858756215343601,18.96812749003984,0.2744424539982434,0.6643853215050208,HHI monetário > HHI frequência,0.3615937429219164
10564533000150,0.1750375414865113,0.0863683662851196,5.7130601327433626,11.578313253012048,0.2583996134201157,0.7646519172636078,HHI monetário > HHI frequência,0.4934276701536931
10565436000181,0.0826105392677171,0.0476481991633506,12.104993005302704,20.98715203426124,0.2067097070009798,0.4633123054894184,HHI monetário > HHI frequência,0.5767811175876302
10568451000183,0.1032787638291208,0.0622837370242214,9.682532622626496,16.055555555555554,0.1768225565045189,0.5417551425751884,HHI monetário > HHI frequência,0.6030643155961141
10589926000118,0.9450241918377296,0.28,1.0581739691291523,3.571428571428571,0.9719607827709306,1.0,HHI monetário > HHI frequência,0.29628871135616264
10594533000100,0.1327074832696713,0.0313946637488426,7.535370088873789,31.85254691689008,0.30400859096769,0.5989783136459037,HHI monetário > HHI frequência,0.23657041016327945
10596772000191,0.8230888910240182,0.15625,1.214935605261157,6.4,0.906211221937426,0.973090717758792,HHI monetário > HHI frequência,0.18983368832205577
10624466000111,0.095154950219739,0.0510204081632653,10.509174748037005,19.6,0.1623646738577748,0.5452405004937679,HHI monetário > HHI frequência,0.5361823851039288
10628610000198,0.3497629137293805,0.0887573964497041,2.859079567177104,11.266666666666666,0.4153489690601701,0.9253160829318712,HHI monetário > HHI frequência,0.25376445862518676
10631880000158,0.1122679768453336,0.0528549382716049,8.90725947059377,18.91970802919708,0.2218184605036625,0.5753377794003081,HHI monetário > HHI frequência,0.47079264948740224
10698251000145,0.2540475069890011,0.0909090909090909,3.9362716519131,11.0,0.4186735554541252,0.8883966103937406,HHI monetário > HHI frequência,0.35784287744664545
10714485000139,0.0647911606593791,0.0449905482041587,15.434204138697432,22.226890756302524,0.1360839904489627,0.4005637427264638,HHI monetário > HHI frequência,0.6943933052948938
10788473000159,0.1342547245506519,0.0460189919649379,7.448527441749117,21.73015873015872,0.2422366313135423,0.644565983619994,HHI monetário > HHI frequência,0.3427737244924723
10971858000157,0.2775212819784814,0.0394808004326663,3.603327257898508,25.328767123287676,0.4699039976661707,0.859554779831332,HHI monetário > HHI frequência,0.14226224436267768
11124654000143,0.2443608469782419,0.2,4.092308618037491,4.999999999999999,0.2827465103128069,0.958361856007619,HHI monetário > HHI frequência,0.8184617236074982
11149280000110,0.6135087740055182,0.1604938271604938,1.6299685389519882,6.230769230769231,0.7747064969100278,0.9589417629985688,HHI monetário > HHI frequência,0.26159988896760306
11166368000140,0.153831993848772,0.1020408163265306,6.500598314958282,9.8,0.2058946997455339,0.6964213392207774,HHI monetário > HHI frequência,0.6633263586692124
11171868000170,0.2495721974765049,0.15625,4.006856573413556,6.4,0.3603753447821808,0.889849889808308,HHI monetário > HHI frequência,0.626071339595868
11188015000141,0.1064472486547641,0.0775999999999999,9.394324537623868,12.886597938144332,0.1710714658119438,0.5603707124893789,HHI monetário > HHI frequência,0.7289995841196121
11221619000142,0.1150183143517055,0.0401753104455807,8.694267566312766,24.89090909090908,0.2091567123934314,0.6123868202287078,HHI monetário > HHI frequência,0.34929489857355905
11231203000105,0.6247687653376499,0.0533235938641344,1.60059217982762,18.75342465753424,0.7879710138060866,0.8683465821083922,HHI monetário > HHI frequência,0.08534932733923761
11232665000147,0.2531605334171239,0.050468262226847,3.95006277835706,19.81443298969073,0.4303629390363858,0.8163827228882895,HHI monetário > HHI frequência,0.199352804110632
11241709000103,0.1139929676706828,0.0939357907253269,8.772470972849174,10.645569620253166,0.1776879347466725,0.5641121854305406,HHI monetário > HHI frequência,0.8240489974495655
11243552000147,0.1266802222395627,0.1171875,7.893892056085263,8.533333333333333,0.2157727345872012,0.60264278146287,HHI monetário > HHI frequência,0.9250654753224917
11246073000184,0.1564838667042625,0.074074074074074,6.390435135974056,13.5,0.3033716264055824,0.6886407645491824,HHI monetário > HHI frequência,0.4733655656277079
11265919000123,0.1348559481624933,0.0803324099722991,7.415319929344604,12.448275862068966,0.2530885305040394,0.6284705275004502,HHI monetário > HHI frequência,0.5956905206398713
11271704000115,0.0974776511194663,0.0425240054869684,10.25876176247234,23.516129032258068,0.1886155963617931,0.5727684623463628,HHI monetário > HHI frequência,0.43624364147687583
11290422000165,0.2360821171556766,0.0969529085872576,4.235814266866231,10.314285714285717,0.4032437272294663,0.7768042356489857,HHI monetário > HHI frequência,0.41067451340808325
11293409000160,0.2156816026598842,0.0650109569028488,4.636464064007048,15.38202247191011,0.2283265075348046,0.9133060301392184,HHI monetário > HHI frequência,0.3014209654467694
11303923000139,0.1059887809761399,0.0330812854442344,9.434960858971651,30.22857142857143,0.2451594485897677,0.5529451415367317,HHI monetário > HHI frequência,0.3121206333308202
11307015000113,0.6422406483768424,0.28,1.5570487519395348,3.571428571428571,0.7879185817465528,1.0,HHI monetário > HHI frequência,0.4359736505430698
11310394000109,0.0481968301983424,0.035587788834542,20.748252444916844,28.09952606635071,0.1016913792443701,0.3328325939172653,HHI monetário > HHI frequência,0.7383844266954721
11323077000119,0.2120795097462121,0.1428571428571428,4.715212710537967,7.0,0.3157523810887058,0.8525314289395056,HHI monetário > HHI frequência,0.6736018157911382
11323964000197,0.1473236589535164,0.0362654320987654,6.78777602391426,27.574468085106385,0.3560589379158128,0.5330100658920652,HHI monetário > HHI frequência,0.24616163049689058
11323985000102,0.0667648508677211,0.0267429591753916,14.977941042379683,37.39301972685888,0.1992915754162068,0.3828494948260202,HHI monetário > HHI frequência,0.40055446582778226
11329956000158,0.0623537222969228,0.0399062283552666,16.037534940385584,25.058744993324435,0.1535233120693451,0.3964588796704208,HHI monetário > HHI frequência,0.639997531586595
11331930000144,0.22189749706313,0.1666666666666666,4.506585307338997,5.999999999999999,0.2833396297695504,0.8802417831507368,HHI monetário > HHI frequência,0.7510975512231663
11333647000151,0.0830038597662406,0.0588551464660037,12.047632517526864,16.990867579908674,0.1519848687207702,0.5023020790155471,HHI monetário > HHI frequência,0.7090651763876333
11344960000195,0.0834765443739029,0.0445647646813827,11.97941298960415,22.4392523364486,0.1258467786956729,0.4532744759587796,HHI monetário > HHI frequência,0.5338597209028088
11355483000163,0.0634603188425925,0.0370247933884297,15.75787859623598,27.008928571428577,0.1170947907140923,0.4308013985665976,HHI monetário > HHI frequência,0.5834321992655965
11359214000175,0.2052572924086388,0.0347633136094674,4.871934089479943,28.765957446808503,0.4301822626007029,0.6074538387395886,HHI monetário > HHI frequência,0.16936457263724658
11359904000124,0.2205208278573496,0.2,4.53471905450527,4.999999999999999,0.3229257069045552,0.858720003229257,HHI monetário > HHI frequência,0.906943810901054
11360515000119,0.2020399966125369,0.12,4.949515030520191,8.333333333333332,0.3625222077183043,0.7688328301645448,HHI monetário > HHI frequência,0.593941803662423
11364954000108,0.0742911934076688,0.0444214876033057,13.460545646541902,22.51162790697675,0.1288526645716074,0.4404025716176413,HHI monetário > HHI frequência,0.5979374615715927
11375809000114,0.3182692240757021,0.0447450572320499,3.141994023783288,22.34883720930233,0.5210563632044056,0.8330024694349785,HHI monetário > HHI frequência,0.1405887024169421
11391482000174,0.1855671498576022,0.0703125,5.388884836391384,14.22222222222222,0.3267718325546639,0.778073423436919,HHI monetário > HHI frequência,0.3789059650587692
11395801000110,0.1494856253527529,0.0294940971236155,6.689606426305014,33.905089408528205,0.3054016750112979,0.6373198740140874,HHI monetário > HHI frequência,0.19730390165620285
11407443000118,0.1250092971865612,0.0525,7.999405024312883,19.047619047619047,0.2262484938846575,0.5998234628081457,HHI monetário > HHI frequência,0.41996876377642633
11408074000188,0.3362216505533447,0.1666666666666666,2.9742284542183004,5.999999999999999,0.5301828768014666,0.8858080925247975,HHI monetário > HHI frequência,0.4957047423697168
11418721000132,0.2814297796112014,0.074829931972789,3.5532842380131617,13.363636363636369,0.3455893587155208,0.9748938708544004,HHI monetário > HHI frequência,0.2658920178105086
11420915000172,0.3471892945739313,0.2,2.880273140988389,4.999999999999999,0.4869022530851646,0.9779930103887344,HHI monetário > HHI frequência,0.5760546281976778
11423342000130,0.0865592264812733,0.0449954086317722,11.552783459962464,22.22448979591837,0.1466979680660411,0.4964071740235485,HHI monetário > HHI frequência,0.5198222126153909
11431615000199,0.2410550842855903,0.085,4.148429405518154,11.764705882352938,0.3867926179866805,0.8006154080631224,HHI monetário > HHI frequência,0.3526164994690432
11433441000101,0.0820863485427253,0.0699588477366255,12.182293618280598,14.294117647058826,0.1548871137585981,0.4551384181873595,HHI monetário > HHI frequência,0.8522592243241569
11436906000170,0.7274219028595077,0.0319234421798524,1.3747180227444118,31.324942791762,0.8521543190250314,0.8931822815949486,HHI monetário > HHI frequência,0.043885731312682315
11436910000138,0.2834074969672476,0.183673469387755,3.52848816880651,5.444444444444445,0.4058335541316654,0.9210910298656176,HHI monetário > HHI frequência,0.6480896636583385
11444466000100,0.2857846221675343,0.2,3.4991385905074144,4.999999999999999,0.3597122302158274,0.9273629372364178,HHI monetário > HHI frequência,0.699827718101483
11455792000105,0.0661593720418511,0.0473465140478668,15.115016499361865,21.120879120879124,0.1391192711317211,0.4134486658822286,HHI monetário > HHI frequência,0.715643341020775
11481782000144,0.1873038545188425,0.055885850178359,5.338918425191303,17.8936170212766,0.3306559625695142,0.723533529264784,HHI monetário > HHI frequência,0.29836999522472196
11485410000196,0.0919650816807774,0.0400390625,10.873692294115806,24.97560975609756,0.1600435603070042,0.5296709379587051,HHI monetário > HHI frequência,0.4353724453698712
11491075000139,0.0849234339344193,0.0577609745851711,11.775312816156644,17.312727272727273,0.2101131994567804,0.4809637081429689,HHI monetário > HHI frequência,0.6801535443064645
11520158000109,0.140843872243101,0.0625,7.100060400739112,16.0,0.2883763380421771,0.5976943521408749,HHI monetário > HHI frequência,0.4437537750461945
11553540000119,0.1298229915978703,0.0505651397977394,7.702795842954559,19.776470588235306,0.2214437929211744,0.6552509087701106,HHI monetário > HHI frequência,0.38949294863244327
11607258000177,0.237602855793145,0.15625,4.208703622950522,6.4,0.3844463971880492,0.8402899824253075,HHI monetário > HHI frequência,0.657609941086019
11627479000107,0.6940156798037598,0.2222222222222222,1.4408896356387229,4.499999999999999,0.8255112991324457,0.9875997877556052,HHI monetário > HHI frequência,0.32019769680860516
11701954000148,0.2619931468279527,0.2,3.816893732173408,4.999999999999999,0.3300556968988516,0.9381145568314652,HHI monetário > HHI frequência,0.7633787464346817
11732185000145,0.4573338995149725,0.1111111111111111,2.186586214274853,9.0,0.6088294428030696,0.9672364107625244,HHI monetário > HHI frequência,0.24295402380831702
11750074000161,0.1798280777057393,0.1666666666666666,5.560866872170789,5.999999999999999,0.2454390493254766,0.7635881534570386,HHI monetário > HHI frequência,0.9268111453617983
11839890000146,0.2052142840983325,0.2,4.872955137571369,4.999999999999999,0.2397487676647735,0.84829972892531,HHI monetário > HHI frequência,0.974591027514274
11840546000177,0.1368483358889985,0.0270149211948153,7.307359592674389,37.01658031088085,0.3416046310701714,0.5232023689077284,HHI monetário > HHI frequência,0.1974077435382767
11850969000178,0.3350552287426558,0.0555555555555555,2.9845825828555115,18.0,0.4534392190470077,0.8677980413655266,HHI monetário > HHI frequência,0.16581014349197287
11873495000180,0.0927258440966563,0.0529513888888888,10.784479879823058,18.885245901639347,0.2120785478533161,0.5127556433115675,HHI monetário > HHI frequência,0.5710531880809083
11888327000168,0.0510717661138787,0.0299652777777777,19.580290169919348,33.37195828505214,0.1052653773075507,0.3637388435290163,HHI monetário > HHI frequência,0.586728833911125
11924138000101,0.6856784540191366,0.0663999999999999,1.4584095418755727,15.060240963855424,0.826031939921071,0.9140342435766302,HHI monetário > HHI frequência,0.09683839358053802
11960753000165,0.0875665729783429,0.0401051939513477,11.419882793030183,24.9344262295082,0.1629228458811287,0.5008547496458622,HHI monetário > HHI frequência,0.4579966143161348
12094507000130,0.6540092327645155,0.1666666666666666,1.5290304018690557,5.999999999999999,0.7828724278304837,0.9974659503488336,HHI monetário > HHI frequência,0.25483840031150934
12139961000160,0.0973363792644915,0.0454687499999999,10.273651101020578,21.993127147766327,0.2697012053150691,0.4490819962235375,HHI monetário > HHI frequência,0.46713007349952934
12273240000149,0.2104859412234336,0.0972222222222222,4.75091112588126,10.285714285714285,0.3467737960270123,0.8086787926586813,HHI monetário > HHI frequência,0.4618941372384559
12298037000127,0.6902825742296533,0.1428571428571428,1.448682086630953,7.0,0.8105653076028301,0.9988218595589552,HHI monetário > HHI frequência,0.20695458380442186
12321353000172,0.2037930796367015,0.1428571428571428,4.906937967583016,7.0,0.2853875034329738,0.7929799620872214,HHI monetário > HHI frequência,0.7009911382261451
12334083000134,0.4095757885357657,0.0299145299145299,2.441550570103282,33.42857142857143,0.6344807967185516,0.7321026402376567,HHI monetário > HHI frequência,0.07303783756719219
12488175000179,0.2576240271193461,0.15625,3.8816255268641657,6.4,0.4332624758158931,0.87059955363301,HHI monetário > HHI frequência,0.6065039885725259
12710978000126,0.8114977311037767,0.1428571428571428,1.2322893357198026,7.0,0.8997841525787298,0.9623791655109448,HHI monetário > HHI frequência,0.1760413336742575
13183513000127,0.3616990377566926,0.2,2.764729500532095,4.999999999999999,0.5364209620251275,0.9947757262828856,HHI monetário > HHI frequência,0.5529459001064191
13417917000138,0.131530783191322,0.1147959183673469,7.60278298157337,8.71111111111111,0.244951999014154,0.6146854281143417,HHI monetário > HHI frequência,0.8727684545173512
13497205000176,0.0829886583314778,0.0425347222222222,12.049839340765637,23.51020408163265,0.155437286961296,0.4796231237070614,HHI monetário > HHI frequência,0.5125365691818717
13844779000173,0.2982558485082818,0.1666666666666666,3.3528261222754616,5.999999999999999,0.4716082915616039,0.9382573027588236,HHI monetário > HHI frequência,0.558804353712577
13886006000150,0.4570165888991794,0.1124260355029586,2.188104380212347,8.894736842105262,0.5680145330796212,0.9708831285556812,HHI monetário > HHI frequência,0.24599990073393255
13954199000139,0.0807264365019729,0.0425330812854442,12.38751570528646,23.51111111111112,0.1734689863376404,0.4511734627607284,HHI monetário > HHI frequência,0.5268792124176659
14007211000160,0.4220149131457742,0.1666666666666666,2.369584507205734,5.999999999999999,0.510682493502945,0.9841757511589132,HHI monetário > HHI frequência,0.3949307512009557
14464143000169,0.3574598298121066,0.1666666666666666,2.7975171378715054,5.999999999999999,0.4426797544537874,0.9883619957248148,HHI monetário > HHI frequência,0.46625285631191765
14492062000172,0.4601104961317251,0.1666666666666666,2.173390975444537,5.999999999999999,0.6544136437391755,0.9406508994424724,HHI monetário > HHI frequência,0.36223182924075625
14499742000118,0.2072268470343392,0.2,4.825629566396344,4.999999999999999,0.2387096774193548,0.8709677419354838,HHI monetário > HHI frequência,0.965125913279269
14608771000170,0.0604103453438841,0.0555850781166967,16.553456106028342,17.990439770554506,0.1260167086089605,0.3680638073292565,HHI monetário > HHI frequência,0.9201251507548961
14645035000192,0.6541966143794241,0.28,1.528592441507218,3.571428571428571,0.7990614430616801,1.0,HHI monetário > HHI frequência,0.4280058836220211
14682109000160,0.4207289954339527,0.140495867768595,2.376826914362224,7.117647058823529,0.5375396198768381,0.9964618873772648,HHI monetário > HHI frequência,0.3339343598690728
14792165000158,0.3119733773679624,0.1428571428571428,3.2054017186874653,7.0,0.4316543889702385,0.9912144956315556,HHI monetário > HHI frequência,0.45791453124106646
14810479000136,0.2899138675288668,0.2222222222222222,3.449300333660064,4.499999999999999,0.4401408450704225,0.969528710725894,HHI monetário > HHI frequência,0.7665111852577922
14814139000183,0.6246677902278505,0.2,1.6008509093053211,4.999999999999999,0.7655593713489348,0.9980688580835992,HHI monetário > HHI frequência,0.3201701818610643
16692121000181,0.480832443574528,0.0769230769230769,2.079726552072816,12.999999999999996,0.5901373652829561,0.9725893891875608,HHI monetário > HHI frequência,0.1599789655440628
17710115000172,0.127041665867616,0.065,7.871433306314255,15.38461538461538,0.2286963883514742,0.6526374995564443,HHI monetário > HHI frequência,0.5116431649104267
17756464000125,0.1270418646801504,0.0656,7.871420988015803,15.243902439024389,0.2639069644435474,0.6056314324633657,HHI monetário > HHI frequência,0.5163652168138367
17799033000146,0.0450854625984814,0.0203617969821673,22.18009847000396,49.111578947368415,0.1356366151324957,0.3052714258551015,HHI monetário > HHI frequência,0.4516266620907014
17932766000107,0.0595349134167975,0.0397512168739859,16.796866621760355,25.156462585034014,0.1088527802434835,0.3899498314782356,HHI monetário > HHI frequência,0.6676958878850114
19498254000100,0.6628954575754437,0.1428571428571428,1.5085334928338845,7.0,0.8103086398513574,0.9189932216219936,HHI monetário > HHI frequência,0.21550478469055492
19500817000157,0.4642918522855427,0.26,2.153817679714511,3.846153846153845,0.5794518044839299,0.9999702138515651,HHI monetário > HHI frequência,0.5599925967257731
19893791000154,0.4964741959784523,0.1666666666666666,2.014203372703385,5.999999999999999,0.6785369249140408,0.9636361454314156,HHI monetário > HHI frequência,0.33570056211723087
20260121000180,0.4440288713141881,0.1428571428571428,2.2521058079856595,7.0,0.6402358365773461,0.9386850095115712,HHI monetário > HHI frequência,0.3217294011408085
20266755000140,0.2682913812813162,0.2461650840029219,3.72729081055143,4.062314540059346,0.4474764720073086,0.8205489230177636,HHI monetário > HHI frequência,0.9175288554827116
21260443000191,0.2334210695139254,0.271111111111111,4.284103410554985,3.688524590163936,0.2864248492797362,0.9502002099884834,HHI monetário < HHI frequência,1.161468035750462
22040711000122,0.3921119015145533,0.1666666666666666,2.5502923939249134,5.999999999999999,0.5754026949271004,0.9806170050225118,HHI monetário > HHI frequência,0.42504873232081897
22257307000105,0.6197170802244238,0.59375,1.6136395653930675,1.6842105263157894,0.7627924871129972,1.0000000000000002,HHI monetário > HHI frequência,0.9580984919521339
22604896000150,0.1532490352923083,0.0532412564045444,6.525326558125422,18.78242677824268,0.3187427603008709,0.6275655729725739,HHI monetário > HHI frequência,0.34741658440453904
22936439000163,0.4333952300360554,0.2,2.3073627273581367,4.999999999999999,0.5799535732217658,0.996141985967981,HHI monetário > HHI frequência,0.4614725454716274
23848604000198,0.9051456505695818,0.087890625,1.104794570211688,11.377777777777778,0.9511666617777292,0.9824909243987304,HHI monetário > HHI frequência,0.09710108527251163
23848859000150,0.9053418668552656,0.0562130177514793,1.1045551262016993,17.78947368421052,0.9513574483471264,0.9739492135066542,HHI monetário > HHI frequência,0.06209037691666359
25769548000121,0.1066487214125394,0.0541344437834622,9.376577484991984,18.472527472527474,0.2186484900435528,0.5535451634284174,HHI monetário > HHI frequência,0.5075958067425761
26938926000116,0.6751457677526279,0.0972222222222222,1.4811616213321182,10.285714285714285,0.7974078193225443,0.9978393985931115,HHI monetário > HHI frequência,0.14400182429617817
27108141000189,0.7636281164003297,0.1666666666666666,1.309537952470772,5.999999999999999,0.8635958816509876,0.9993861410683368,HHI monetário > HHI frequência,0.21825632541179535
27562511000153,0.2464794040886927,0.2,4.057134119166248,4.999999999999999,0.2582603644690693,0.9899146379655528,HHI monetário > HHI frequência,0.8114268238332497
27611852000171,0.2460070507476748,0.088,4.064924143274588,11.363636363636363,0.4583950478617819,0.7317829734033564,HHI monetário > HHI frequência,0.3577133246081638
27780220000131,0.2579346786169961,0.0617283950617283,3.876950572764537,16.2,0.3790809638841641,0.8817277030805326,HHI monetário > HHI frequência,0.23931793659040354
27834977000160,0.4952239235365877,0.1358024691358024,2.019288553062237,7.363636363636364,0.5130535416191739,0.9983900354683892,HHI monetário > HHI frequência,0.27422437140351363
29112760000172,0.5854652949462316,0.1666666666666666,1.7080431728952248,5.999999999999999,0.7443745817164744,0.9924220430729432,HHI monetário > HHI frequência,0.28467386214920415
30753960000193,0.5165116469898464,0.1111111111111111,1.9360647641303967,9.0,0.6755853979546842,0.9764111048765232,HHI monetário > HHI frequência,0.21511830712559965
30753994000188,0.254534678932805,0.1124260355029586,3.928737742899038,8.894736842105262,0.3217623314538723,0.964866259907495,HHI monetário > HHI frequência,0.4416924089649807
31030892000105,0.0814145985518505,0.0601637593449626,12.282809444342217,16.621301775147927,0.1381766590657467,0.4727967719308537,HHI monetário > HHI frequência,0.7389799914894393
31724255000120,0.4400080718715813,0.1666666666666666,2.272685579940577,5.999999999999999,0.5925957465704729,0.9891058829054644,HHI monetário > HHI frequência,0.3787809299900962
32001836000105,0.1317824463272859,0.0848,7.588264050862039,11.792452830188676,0.2050382345402355,0.6269436534071037,HHI monetário > HHI frequência,0.643484791513101
32370759000152,0.2974778317507576,0.0714285714285714,3.3615950274837685,14.0,0.4936497254297336,0.8548385991819847,HHI monetário > HHI frequência,0.2401139305345549
32504706000187,0.1555689079017702,0.0293005671077504,6.428019669787892,34.12903225806451,0.3554251976981164,0.5787011800332543,HHI monetário > HHI frequência,0.18834462170456018
37622644000121,0.2621066186484805,0.125,3.81524131346386,8.0,0.3736392853440232,0.8997822856550437,HHI monetário > HHI frequência,0.4769051641829825
40637159000136,0.1256945890383856,0.055,7.9557919529424765,18.181818181818176,0.2143422477117703,0.6135272359750924,HHI monetário > HHI frequência,0.43756855741183637
41779117000100,0.2188774795666178,0.0909090909090909,4.568766060263585,11.0,0.3547432877876665,0.8380375504836352,HHI monetário > HHI frequência,0.4153423691148714
44497659000170,0.4734401957851448,0.1666666666666666,2.1121991941170477,5.999999999999999,0.6484547323727556,0.9677435338255604,HHI monetário > HHI frequência,0.352033199019508
44616474000138,0.06502827528233,0.0459183673469387,15.377925920045534,21.77777777777778,0.0983062770564987,0.3621357481068771,HHI monetário > HHI frequência,0.7061292514306623
46139952000191,0.3989901680464943,0.0972222222222222,2.5063274237962427,10.285714285714285,0.5855136724575799,0.9698649236994789,HHI monetário > HHI frequência,0.24367072175796806
46190305000104,0.3331127457188564,0.1813268539647638,3.0019866031904683,5.514902939827788,0.4915537292688688,0.9286381473622248,HHI monetário > HHI frequência,0.5443407864008954
46675997000180,0.2481825572480381,0.0444444444444444,4.029292030384642,22.5,0.4599713364330385,0.7724648675517666,HHI monetário > HHI frequência,0.17907964579487298
46709309000156,0.2678876576384843,0.0272,3.732908073538441,36.764705882352935,0.4914952913512498,0.725545471938301,HHI monetário > HHI frequência,0.1015350996002456
46854998000192,0.2493740151341959,0.1666666666666666,4.0100408996577634,5.999999999999999,0.3178210591765156,0.956261768522851,HHI monetário > HHI frequência,0.6683401499429606
46965083000154,0.2236142326056898,0.1428571428571428,4.471987262829331,7.0,0.3141992159896457,0.9100694005370544,HHI monetário > HHI frequência,0.638855323261333
48962625000160,0.2476810740155492,0.0537190082644628,4.0374501926506525,18.615384615384613,0.4347092526044971,0.7871042469579694,HHI monetário > HHI frequência,0.2168878202663574
49286753000102,0.3606301471065781,0.2,2.772924027631187,4.999999999999999,0.5047980097144888,0.9672629625241876,HHI monetário > HHI frequência,0.5545848055262375
50062751000100,0.1984188984594895,0.0433673469387755,5.039842513812595,23.058823529411768,0.3114199407958978,0.7862963580295759,HHI monetário > HHI frequência,0.2185645988133013
54675103000180,0.3588094518199501,0.0769230769230769,2.786994587037239,12.999999999999996,0.5716616673408761,0.8372123085787656,HHI monetário > HHI frequência,0.21438419900286457
57500902000104,0.4427656536477387,0.22,2.2585311027661445,4.545454545454546,0.6333697628575412,0.9514807064862276,HHI monetário > HHI frequência,0.49687684260855175
57522468000163,0.4041526245842868,0.125,2.4743127699061818,8.0,0.5896765524726,0.9424170908141646,HHI monetário > HHI frequência,0.3092890962382727
57538696000121,0.2744314419463249,0.125,3.643897335187949,8.0,0.4324128835453139,0.9036053406922144,HHI monetário > HHI frequência,0.4554871668984936
59006460000170,0.3148581723705672,0.2,3.1760331722406945,4.999999999999999,0.4520752814334483,0.971567592362676,HHI monetário > HHI frequência,0.635206634448139
59989830000136,0.2598561204325467,0.2,3.8482834205922782,4.999999999999999,0.3229191894728344,0.970643710047924,HHI monetário > HHI frequência,0.7696566841184558
72962806000171,0.2179297355380609,0.0710059171597632,4.588634944795555,14.08333333333334,0.3395482832710931,0.8694384279594818,HHI monetário > HHI frequência,0.3258202327665481
74047341000159,0.813721172470854,0.1666666666666666,1.2289221834593695,5.999999999999999,0.9008311810718032,0.9754249465207288,HHI monetário > HHI frequência,0.20482036390989494
79376760000158,0.1246101683831999,0.091387245233399,8.025027274859386,10.942446043165468,0.2259173112618369,0.6355478661187048,HHI monetário > HHI frequência,0.733385135572291
80636475000108,0.1561872417002754,0.0249199817101051,6.402571612853038,40.12844036697248,0.3327117652013902,0.6117789853234761,HHI monetário > HHI frequência,0.15955196748993625
81286254000110,0.0966884672310565,0.0708884688090737,10.34249511485479,14.106666666666667,0.1575256715321419,0.5272590754110504,HHI monetário > HHI frequência,0.7331636423573811
82568221000125,0.7093650987261882,0.0918367346938775,1.4097113063438091,10.888888888888888,0.8377563869217771,0.9687217447781,HHI monetário > HHI frequência,0.12946328323565595
82636028000184,0.943483706328319,0.065,1.0599017166831857,15.38461538461538,0.9712554959277576,0.9899553162636552,HHI monetário > HHI frequência,0.06889361158440709
82702879000188,0.3188565916630999,0.1,3.1362061382647783,9.999999999999996,0.5373852827225806,0.780195904287498,HHI monetário > HHI frequência,0.31362061382647793
82985003000196,0.1805215713444126,0.0384615384615384,5.539504185303841,26.0,0.3661776534300356,0.6683340437179809,HHI monetário > HHI frequência,0.21305785328091695
83108035000176,0.5162519009321646,0.183673469387755,1.9370388722915328,5.444444444444445,0.6139828005236614,0.9958311773930916,HHI monetário > HHI frequência,0.3557826500127305
83145375000177,0.1223520820494358,0.0987654320987654,8.173134312466823,10.125,0.1931155555488118,0.6301560880720916,HHI monetário > HHI frequência,0.8072231419720319
83156455000128,0.4262168402391702,0.027315296566077,2.3462235782116285,36.60952380952381,0.5935634558260521,0.9051112327104618,HHI monetário > HHI frequência,0.064087792849173
83158105000109,0.2287975383253824,0.0918367346938775,4.37067639503122,10.888888888888888,0.4009452828194946,0.7873439547623116,HHI monetário > HHI frequência,0.4013886485232753
83222034000158,0.2295473246778484,0.1428571428571428,4.3564001514869375,7.0,0.3068844844691568,0.8774711059644691,HHI monetário > HHI frequência,0.6223428787838482
83684324000113,0.1717612638106541,0.0725308641975308,5.822034478637618,13.78723404255319,0.3299871788673248,0.6801840977178849,HHI monetário > HHI frequência,0.42227719212340753
84438381000185,0.7581032796356979,0.1,1.3190814851513954,9.999999999999996,0.8675882665866362,0.9812396361836228,HHI monetário > HHI frequência,0.1319081485151396
84591890000143,0.5605519745893179,0.0933333333333333,1.783955895851832,10.714285714285714,0.7421012957734143,0.8846815471202457,HHI monetário > HHI frequência,0.16650255027950434
84703248000109,0.3581138788642748,0.0150121974103959,2.7924078317528718,66.6125,0.5810446817454697,0.7983926027350281,HHI monetário > HHI frequência,0.04192017762060982
85908309000137,0.3118332668842191,0.0714285714285714,3.2068419447091614,14.0,0.5143734185091466,0.8314589738035209,HHI monetário > HHI frequência,0.22906013890779725
89421259000110,0.3025357377222033,0.0769230769230769,3.3053946205794293,12.999999999999996,0.4762619768714343,0.8594096494686122,HHI monetário > HHI frequência,0.25426112465995615
90896275000148,0.2344072738851561,0.051039697542533,4.266079219409946,19.5925925925926,0.432146093259915,0.7254710624753142,HHI monetário > HHI frequência,0.21773939305116918
