cod_ibge,despesa_empenhada_2025,despesa_liquidada_2025,despesa_paga_2025,populacao_siconfi_2025,liquidada_sobre_empenhada,paga_sobre_empenhada,despesa_empenhada_per_capita
1300631,144363167.49,144254262.13,144254262.13,20807,0.9992456153332355,0.9992456153332355,6938.20192675542
1500602,754443712.69,739692687.31,721821909.37,135067,0.9804478119018254,0.9567604543966763,5585.699783736961
1501402,5621703163.19,5491630719.07,5474789122.13,1367336,0.9768624489155363,0.9738666313757068,4111.427742113131
1504208,1773067554.1,1633032360.81,1621389850.92,271321,0.9210209487133268,0.914454639458455,6534.944048193836
1505304,458954829.16,453920589.29,432186539.32,76140,0.9890310776787905,0.9416755459595173,6027.775534016286
1508100,795721847.83,774526298.86,756505345.62,90232,0.9733631179943066,0.9507158156874205,8818.621418454652
1702109,1163765368.6,1113347607.6,1067250634.96,186867,0.9566770395817397,0.9170668450496114,6227.773596194084
1705508,253406422.25,236878989.59,235334414.29,33967,0.9347789510887189,0.9286837018590992,7460.371014514088
1709500,716196129.85,686095789.63,675843710.71,83817,0.9579719311994827,0.9436573063464454,8544.759772480524
1714880,72504590.25,69080774.51,67610166.03,10353,0.9527779451177576,0.9324949744130165,7003.244494349464
1718204,453640047.05,444955512.02,397747934.03,71101,0.9808558898481844,0.8767919336410799,6380.22034922153
2101707,364977467.86,364620877.26,360933766.52,69312,0.99902297913871,0.9889206822445512,5265.718315154663
2102002,232580460.09,232571508.93,228853934.66,32894,0.9999615137058524,0.9839774784667724,7070.604368273849
2102325,442382926.04,378083480.03,357362120.05,52395,0.8546520622177309,0.8078117373311273,8443.22790418933
2211001,5119761285.88,4965839285.12,4931466326.02,868523,0.9699357075134523,0.963221925916877,5894.790680131672
2300754,299242247.62,294573423.81,283392565.7,47486,0.9843978454007309,0.9470339430810347,6301.6941334288
2304400,13965276937.07,13789180284.92,13760843623.28,2596157,0.9873903931197697,0.9853613132978879,5379.211248422187
2307254,216556766.64,215538308.23,196753824.62,29472,0.9952970372350772,0.9085554225469203,7347.881604234527
2308708,341803594.37,335852634.02,319135637.83,60940,0.9825895325619128,0.9336813394786536,5608.854518706925
2309300,221488947.98,215299206.37,193253877.32,30518,0.972053948215245,0.8725215369998978,7257.649517661707
2309706,352698103.78,348941345.84,324491245.04,82432,0.989348516763381,0.9200254879805242,4278.65517978455
2311405,496484676.42,491821644.36,459910450.73,78502,0.9906079033624487,0.9263336263392344,6324.484426129271
2314003,213157245.86,202630231.92,197057255.95,38825,0.9506138583395186,0.9244689532131862,5490.205946168706
2403608,311108124.52,292346158.84,284783561.56,61381,0.93969310281129,0.9153845210548088,5068.47598638015
2405702,56375241.99,54787173.74,53471476.66,11623,0.9718303958627496,0.9484921886363683,4850.317645186269
2413805,28403080.09,28248829.89,27947160.24,2333,0.9945692439161095,0.9839482250320971,12174.487822546078
2504009,2168908546.95,2161097297.54,2058797379.98,418140,0.9963985344513561,0.9492319917661617,5187.039142272923
2506301,267495163.1,264924582.49,262517397.24,57661,0.9903901790962889,0.981391193013314,4639.100312169404
2507507,4850356845.3,4569049735.78,4529794533.11,889618,0.9420028013418049,0.933909540593776,5452.179300890944
2515302,271042440.54,270759774.63,245169965.86,51142,0.998957115684773,0.9045445627317475,5299.80134801142
2602209,202710147.22,202710147.22,196969232.08,37190,1.0,0.971679192094072,5450.66273783275
2604007,333242122.48,327929211.85,323660502.66,78865,0.9840569055602542,0.9712472728576651,4225.475464147594
2607109,52129167.71,52129167.71,50316982.65,4750,1.0,0.965236639301794,10974.561623157895
2608008,112290532.04,110452288.68,105278629.2,15419,0.9836295783214815,0.9375557073903414,7282.607953823205
2608909,254155639.39,248686317.12,245716731.97,55917,0.9784804213546986,0.9667963007224462,4545.230241071588
2610608,295798929.15,291945966.84,284755552.57,55072,0.9869743872262426,0.9626659345531307,5371.131049353573
2611606,9660349174.86,9586143766.57,9480081025.61,1494586,0.9923185583722882,0.9813393754214259,6463.561932776033
2612471,85029302.57,84601187.51,79229750.8,11598,0.9949650879513267,0.931793492423091,7331.3763209173985
2613602,171256111.34,167226302.82,162747441.32,31154,0.9764691111548159,0.9503161087016189,5497.082600629133
2614600,131457967.48,129178714.79,127171655.66,27505,0.9826617379403286,0.9673940507207969,4779.42074095619
2615003,114799769.98,114641525.65,112739663.82,24335,0.998621562307768,0.9820547884341675,4717.475651530717
2615904,65845607.29,65456607.29,63175134.32,8018,0.9940922406822561,0.9594434149838031,8212.223408580694
2700300,1404948023.86,1314406219.73,1303520867.58,235085,0.9355550507261882,0.9278071825024988,5976.340574090223
2704302,5315509518.88,5117855869.47,5085156468.9,960667,0.9628156720051089,0.9566639756430091,5533.1446993391055
2709152,333508010.92,333093577.55,327348525.6,37999,0.9987573510787439,0.98153122228456,8776.757570462381
2800308,4013049781.6,3870099515.27,3740885901.41,605309,0.9643786461395438,0.9321802880597487,6629.754029099187
2802304,87295952.51,86725170.02,85091411.61,14561,0.9934615240043961,0.9747463560839493,5995.189376416455
2802908,562958305.73,450617729.78,431683971.08,103620,0.8004460102878744,0.7668133975219109,5432.91165537541
2803005,207148240.44,187606486.43,186713021.63,40313,0.9056629495452547,0.9013497832924194,5138.497269863319
2803203,216543461.08,212397704.99,210880037.34,34414,0.9808548544051008,0.9738462491005087,6292.30723194049
2803302,129572044.78,128143330.21,126577767.67,15848,0.9889735893847641,0.976891025258697,8175.924077486118
2804300,49098051.79,48870820.14,45741500.76,7821,0.9953718805183573,0.9316357593096262,6277.720469249456
2804508,254861655.13,246184746.39,245039659.24,41267,0.9659544361996155,0.9614614607874614,6175.9191395061425
2804607,140345344.63,139482653.57,137474237.11,25000,0.9938530838890712,0.9795425524974182,5613.8137852
2805109,69910979.28,67564767.07,63425696.51,7393,0.9664400036423004,0.9072351319236162,9456.37485188692
2806206,102296757.88,97331337.65,97308038.53,20294,0.9514606295164827,0.9512328694145707,5040.739030255248
2903201,1004522893.76,990006209.71,950096510.57,165413,0.9855486777452498,0.9458186731949153,6072.817092731527
2904902,145794718.52,145513251.71,142154074.2,31982,0.9980694306840656,0.9750289697942618,4558.649193921581
2906808,288547173.39,288547173.39,286971987.78,39475,1.0,0.9945409771598386,7309.618071944268
2910800,2379490635.55,2320915691.5,2244826134.27,652592,0.9753834105606971,0.943406164635368,3646.214841049232
2911709,474195185.55,465563880.02,432961416.83,87580,0.9817979899564165,0.9130447335263967,5414.423219342316
2912004,56859086.04,56859086.04,53919335.07,10426,1.0,0.9482976042222715,5453.585846921159
2914703,359471221.44,357203666.47,353332695.28,67605,0.993691970776085,0.9829234559155812,5317.22833281562
2914802,1163036849.65,1120197750.52,1054923424.47,185500,0.9631661721269692,0.9070421326611144,6269.740429380055
2916401,339135012.2,338469727.54,323059559.88,68704,0.9980382896602619,0.9525986650103831,4936.175654983698
2917706,230421090.13,228226301.46,226660394.07,32495,0.990474879409859,0.983679028434948,7090.970614863825
2918001,819095452.66,818937414.05,804550344.45,156408,0.9998070571512919,0.9822424747167563,5236.915328244079
2930774,160233957.44,159750560.25,154152628.17,24799,0.9969831788609415,0.9620471879546683,6461.307207548692
2931202,119139774.87,118697802.64,118390554.97,18016,0.996290304975964,0.9937114208851114,6612.998161079041
2932903,404984474.36,401652623.11,389634061.72,96226,0.9917728914046264,0.9620962935325895,4208.680339617152
3100302,81961224.18,81731154.89,81156797.21,13882,0.9971929495648486,0.9901852738529946,5904.136592709985
3105608,728216188.78,692665835.38,686268577.95,122894,0.9511815942192133,0.9423967614613513,5925.5634024443825
3106200,20631992768.2,19673085049.18,18749468000.74,2392678,0.9535232621592442,0.9087570072067142,8622.970900472192
3107307,237763337.11,226948139.74,220814415.33,50185,0.9545127625585251,0.9287151585857888,4737.737114874963
3110004,207725597.92,203338124.4,201149351.69,39578,0.97887851298091,0.968341666622461,5248.511746930112
3110608,201942681.75,197710334.94,197104731.06,29584,0.979041841113908,0.9760429511578476,6826.077668672256
3111200,319158885.97,297567817.24,283511208.58,52318,0.9323500937021396,0.8883074263100704,6100.364806949808
3117306,220935637.98,218327121.67,212494586.5,26423,0.9881933203088036,0.961794070177288,8361.48953487492
3124708,34182281.71,31168946.11,31100116.01,2764,0.9118451007581962,0.9098314815216588,12366.961544862519
3126703,131280375.7,130101931.42,126374811.78,21504,0.9910234543912873,0.9626329229038,6104.928185453869
3131703,1289378039.72,1206707157.89,1190152837.86,110335,0.9358831318020954,0.9230441353867421,11686.029271944533
3131901,855816542.68,822648587.29,779509521.11,58544,0.9612440824219942,0.910837173898224,14618.347613418966
3133709,446570898.46,397629499.8,385796866.3,16257,0.8904062068782932,0.8639095553033589,27469.45306391093
3133808,557785651.55,535895823.59,530663820.58,95967,0.9607558425011982,0.9513758898339665,5812.265169797951
3134202,623339090.62,597007159.94,578935472.47,97409,0.9577566511129455,0.9287649069051097,6399.194023344866
3135100,468547686.52,453789597.42,422656515.8,70001,0.9685024821921301,0.9020565632052457,6693.44275824631
3136207,481766177.36,457611497.16,452964242.96,75838,0.9498622333091881,0.9402159475830579,6352.569653208155
3137809,120467040.1,116459787.4,112980036.95,20449,0.9667356922136249,0.9378501941793788,5891.096880043034
3139003,238651968.18,230141503.56,211846143.57,36932,0.9643394325012182,0.8876781749824829,6461.929171991769
3139409,469195008.2,315433961.57,427489574.81,88787,0.6722875479432691,0.9111127939105811,5284.501201752509
3140001,928933530.4,884559434.64,877502216.81,64890,0.9522311400032116,0.9446340218036337,14315.511333025119
3143104,258627368.71,252869096.12,250413466.37,47267,0.9777352543208342,0.9682403978319468,5471.626477457846
3143302,2222377009.4,2037439583.37,2012292286.0,436970,0.9167839546360633,0.9054684589916996,5085.8800590429555
3146008,160138629.76,158072437.0,154860035.19,32131,0.9870974744626165,0.9670373439693406,4983.929219756621
3147600,98230665.96,94999050.48,91079630.76,15387,0.9671017655391249,0.9272016011485463,6384.003766816143
3147907,780937126.15,700125572.03,690539133.82,110555,0.8965197691158584,0.8842442121100584,7063.788396273348
3148103,640784193.84,578440596.55,571871146.77,91901,0.9027073422076842,0.8924551389805235,6972.548653877542
3151800,1385069952.02,1358964146.39,1252883961.87,172869,0.9811519948202422,0.9045636720678124,8012.251774580752
3162500,549083620.8,533399707.61,523202426.38,93778,0.9714362028006792,0.9528647487566798,5855.143219091898
3163706,360243503.86,343925387.21,330224857.88,44432,0.9547025373805444,0.9166712358214625,8107.74900657184
3167202,1493652931.85,1365688651.36,1317259156.64,233398,0.9143279688598698,0.8819044428269404,6399.5961055793105
3169356,244618075.25,235102575.65,222254077.04,28320,0.9611005867400635,0.9085758557001808,8637.643900070621
3170206,4955472113.74,4764899350.61,4734065446.75,725536,0.9615429652804219,0.9553207722880516,6830.084397934768
3170404,628030681.78,596341141.56,593685429.83,86867,0.949541413915983,0.9453127801771457,7229.795915364868
3171303,503443372.65,483088183.02,467704589.9,85119,0.9595680651771115,0.9290113154894065,5914.582791738624
3200201,203978506.01,203261337.19,203093557.41,26397,0.996484096123516,0.9956615595568848,7727.336667424328
3200300,125731832.1,121838651.42,120454168.77,13303,0.9690358390951976,0.9580244458236921,9451.389318198902
3200607,967453440.58,937417404.54,931709623.55,99336,0.9689535074452853,0.9630537082915626,9739.202711806394
3200805,209516687.0,207320654.62,204201834.68,30676,0.9895185800642218,0.9746327970525804,6829.987188681705
3200904,266817792.15,261603351.83,233620380.79,40753,0.9804569242628748,0.8755802186484736,6547.193878978235
3201407,204149789.51,203896522.53,202886335.44,39372,0.998759406117401,0.9938111419412553,5185.151618155034
3201506,862392527.99,786458070.45,781885106.21,124575,0.9119490776236404,0.9066464293613018,6922.677326831226
3201902,239723639.61,235283985.02,230789138.19,35937,0.9814801135289671,0.9627299942778471,6670.663650555139
3202256,95711556.85,92034248.02,91505192.76,11073,0.9615792601120979,0.9560516595023918,8643.687966224148
3202405,673266124.32,667493338.1,647944467.29,132915,0.9914256992718435,0.9623898245948806,5065.3885890982965
3202652,95970686.6,92546266.59,90834395.26,13328,0.9643180628239875,0.9464806231781195,7200.681767707082
3202801,548674095.57,535442993.06,523538305.77,45801,0.9758853158608578,0.9541881236913741,11979.522184450123
3202900,78064468.82,74816348.24,74816348.24,12452,0.9583918185943279,0.9583918185943279,6269.2313539993565
3203007,169588138.36,149998397.57,143624276.84,27846,0.8844863739914691,0.8469004862540316,6090.215411908353
3203056,251936106.25,244043069.38,238581673.14,28911,0.9686704816253386,0.9469927780151202,8714.195505171043
3203205,1182188660.03,1164930084.75,1156702627.9,171265,0.9854011666128129,0.9784416540340075,6902.686830525793
3203403,180495525.13,177207976.59,174303597.95,24769,0.9817859831282123,0.9656948438165415,7287.1543110339535
3203700,137229171.8,130328036.69,128973971.68,18169,0.9497108740111189,0.9398436934966622,7552.929264131213
3203908,343447457.99,284482961.48,281852012.08,48220,0.8283158161801948,0.8206554030986787,7122.510534840316
3204351,150573017.92,146556166.04,144654396.45,19035,0.973322897186439,0.9606926821833074,7910.324030470186
3204559,294813578.21,278222960.79,275901769.3,46523,0.9437250566248268,0.9358516353798033,6336.942549061754
3204609,155587046.98,140711545.01,139704603.37,25755,0.9043911285756829,0.8979192425186808,6041.042398757522
3205010,200832446.08,195469000.76,194171415.92,27255,0.9732939302155214,0.9668328983188968,7368.645976151165
3205036,155397441.11,155356406.75,153789215.49,22285,0.9997359392811946,0.9896508873729677,6973.185600628226
3205200,2408596521.22,2280964280.23,2257546830.32,493242,0.9470097046701074,0.9372872585469442,4883.194296552199
3205309,3759930769.69,3451111246.27,3359782161.21,331785,0.9178656357426863,0.8935755382238084,11332.431453169975
3300100,2747779800.81,2578588179.66,2561273384.93,181228,0.938426062707017,0.9321246863285693,15162.004771944732
3300506,191437761.15,184614062.96,184370376.19,28166,0.9643555265742304,0.9630825970929403,6796.767774976923
3300605,305705629.5,298509878.89,297512795.29,35797,0.976461831528032,0.9732002507660724,8539.979034555969
3300803,558661407.12,513671974.5,508090758.71,53887,0.9194692311897316,0.9094788940752131,10367.276098502422
3302700,6749943138.11,6241244858.75,6197770037.2,223938,0.9246366570870942,0.9181958885264611,30142.017603577773
3303302,6765300174.88,6228729680.8,6051034858.67,523664,0.9206878512098663,0.8944222284678345,12919.162239298481
3303856,223268291.67,218032664.07,217962777.39,29390,0.976550061986686,0.976237045393612,7596.743506975161
3303955,183413766.01,178643498.53,172799777.64,24553,0.9739917696268234,0.9421309065240975,7470.116320205269
3304201,1112471656.25,1071738382.04,1069864974.36,128460,0.9633848880722887,0.961700883208457,8660.06271407442
3304524,1151672556.46,1080739105.26,1080502398.64,149562,0.9384083168413472,0.9382027839243109,7700.3019246867525
3305158,162264005.62,138463557.98,137508999.39,22125,0.8533226913198643,0.8474399412524498,7333.966355706215
3305505,2988358424.89,2495136397.24,2493132885.8,88755,0.8349521852727035,0.8342817464714833,33669.74733693876
3306008,593791343.66,588342026.97,553484892.65,76789,0.9908228424880505,0.9321201774994565,7732.765678157028
3306107,415429588.65,401078132.07,396433204.84,72264,0.9654539373889155,0.9542729157262689,5748.776550564596
3306156,120882129.82,113980533.61,113386830.2,10209,0.9429063979905314,0.9379949738546062,11840.741484964246
3500105,319695009.96,310704404.53,306270685.0,34357,0.9718775547008853,0.9580089630999257,9305.090955554908
3501608,1474680363.18,1458748174.64,1387778409.46,243674,0.9891961750235531,0.9410706510442679,6051.857658921346
3503208,1828517681.6,1661504928.33,1451330210.5,250304,0.9086622158753972,0.7937195385663697,7305.1876182562
3503307,980858913.49,961001788.11,933449627.03,131300,0.9797553704137262,0.9516655394491825,7470.36491614623
3505302,233023352.57,216708481.69,206376804.55,34430,0.9299861121211058,0.8856485939022125,6768.032313970374
3505708,5535217031.48,5334602886.97,5302938903.35,342613,0.9637567699027766,0.9580363106254042,16155.887346598056
3505807,149636648.84,132181219.34,130247544.71,21516,0.8833478988248104,0.8704254320027446,6954.668564788994
3506003,2414757037.63,2331709165.25,2277455610.08,388686,0.9656081870408343,0.9431406864498646,6212.616450373824
3507902,203677043.12,184194121.6,181953270.79,23751,0.9043440477063421,0.8933420674356458,8575.514425497873
3508108,142031240.29,137682939.13,136328157.99,17203,0.9693848962304236,0.9598462824914054,8256.190216241353
3508702,99813024.66,93530060.88,93404860.74,16947,0.9370526662086226,0.9357983194895799,5889.7164489290135
3509502,10666515272.08,10480489483.0,10136520355.05,1170247,0.9825598347412553,0.9503122712984547,9114.755493566743
3510005,217924181.03,216289207.25,216204352.6,29530,0.9924975109587544,0.9921081340222485,7379.755537758212
3510401,441451691.45,441360406.24,391407208.74,50954,0.9997932158563032,0.8866365591541331,8663.729863209954
3510500,1284079460.89,1196962204.93,1186137508.02,132558,0.9321558683762305,0.9237259407590585,9686.925428039049
3511102,885959027.91,875601162.4,859091590.08,114953,0.9883088662300394,0.9696741756857753,7707.141422233434
3513405,427055372.44,410877992.14,360858710.3,75592,0.962118775821576,0.8449927891978448,5649.478416234522
3516200,1459190583.56,1397904408.49,1330387124.21,370378,0.9579998831129519,0.9117295158006318,3939.7334171036077
3516705,275567712.91,264774663.08,250075244.31,41395,0.9608334020120674,0.9074910905533922,6657.028938519145
3517406,357495904.52,354002265.08,346479143.5,39351,0.9902274700330042,0.9691835322287345,9084.798468145664
3518701,2639967110.49,2505791225.77,2264159425.18,311116,0.9491751680591598,0.8576468305924285,8485.475226250015
3520442,226542796.27,216192992.24,212311358.95,25564,0.9543141331333052,0.9371799167560437,8861.789871303396
3520509,2492473877.8,2358889095.2,2226046444.79,266593,0.946404741173091,0.8931072315810329,9349.359802395413
3523107,1500508540.23,1485016012.42,1369809769.36,392218,0.9896751485282281,0.9128970163342313,3825.7003509017945
3523909,1367015058.88,1251920936.64,1195743880.43,176548,0.9158062513705614,0.8747115641942357,7743.022061309106
3524105,323704061.73,306863777.51,278782853.9,37375,0.9479762962194573,0.8612275434854796,8660.97824026756
3524303,573459265.06,573258901.81,540418239.1,72001,0.9996506059589445,0.9423829590467199,7964.601395258398
3524402,1659372548.85,1558371609.19,1515073237.56,251591,0.9391330537979571,0.9130398346109774,6595.516329479194
3526704,624833976.63,604570456.63,596575288.38,97516,0.9675697533138484,0.9547740851059168,6407.502118934329
3526803,575412860.96,556413577.39,553553614.49,65696,0.9669814756342041,0.962011195868075,8758.719875791525
3529005,1669623479.98,1621308035.13,1456008604.7,238605,0.9710620715213117,0.8720580550996092,6997.4371030783095
3530607,2739449924.55,2549185414.35,2452481957.48,471602,0.9305464544195842,0.8952461351827268,5808.8174446885305
3530706,1002030572.69,972863702.01,882649474.85,154487,0.9708922347531771,0.8808608229192891,6486.180537456226
3530805,749049842.76,702420858.27,685877301.4,90997,0.9377491565605465,0.9156631004323689,8231.588324450257
3533908,458172813.44,434304379.84,430768911.94,56037,0.9479051726775454,0.9401887220364534,8176.2552142334525
3535309,153171306.26,148291836.39,144069370.72,19559,0.9681437079232231,0.9405767583874362,7831.24424868347
3537107,284192351.7,279260633.01,275600657.76,43084,0.9826465467473029,0.9697680325012068,6596.238782378609
3539301,424295113.45,408494750.79,392655409.14,73436,0.9627609129609692,0.9254299582836735,5777.753601094831
3540002,187628703.29,187548666.7,182078258.09,20171,0.9995734309911192,0.970417931251056,9301.90388627237
3540606,580210305.7,568384394.09,566762510.56,59306,0.9796178876972332,0.976822550361673,9783.33230533167
3540705,339941840.1,329780110.98,313462869.99,52551,0.9701074480357853,0.9221073519452305,6468.798692698522
3541406,1148788755.97,1146120257.17,1145479343.23,226692,0.9976771196739763,0.9971192155887654,5067.6193071215575
3543907,1460461802.91,1411186984.88,1262954013.02,206950,0.9662607964605313,0.8647634676261565,7057.075636192318
3545803,1005279888.04,996778894.77,864840106.83,183447,0.9915436552833317,0.8602978306033594,5479.947276543088
3546603,358700002.07,357757781.9,343193193.15,34762,0.9973732362292651,0.9567694206007451,10318.738912318047
3547809,4563410835.78,4376207523.38,4188072642.68,776640,0.9589773265794506,0.9177505145587346,5875.838014755871
3548807,2653261228.56,2571395294.47,2475616035.91,166847,0.969145166254726,0.9330464747542355,15902.361016739887
3548906,1654102242.74,1567885410.55,1541838160.44,256898,0.9478769631270296,0.9321299014055892,6438.750954620122
3549805,3294334131.71,3151439095.74,3103268054.43,475643,0.9566240004028288,0.9420016095389744,6926.064573030613
3549904,5245931732.4,5115661287.57,5046568546.33,725419,0.9751673389065623,0.9619966106614217,7231.588547308521
3550308,123571806691.25,117009214332.57,116798206872.08,12200180,0.9468924786777866,0.9451849090780541,10128.68717439005
3550407,248966384.65,245280497.32,241500224.76,38991,0.9851952409752759,0.9700113736218002,6385.226966479444
3550704,1914475789.14,1779573484.29,1645404064.4,87939,0.9295356433258425,0.8594540989934015,21770.497607887286
3551009,1935173444.01,1884683369.19,1714561440.85,334632,0.9739092767233432,0.8859988473679882,5782.989803754572
3551702,870799160.51,818773654.05,796901813.96,127670,0.9402554471578379,0.9151384729095047,6820.703066577896
3552205,5524556567.45,5408658046.11,5364053743.89,738128,0.9790212083223367,0.9709473834505267,7484.55087389992
3553609,84842256.66,84197521.52,81708905.72,11730,0.9924007780393709,0.9630685101581314,7232.928956521739
3554102,2310894209.94,2215667865.77,2141117046.35,311912,0.9587924259966567,0.9265318321973691,7408.801873413014
3555406,845182511.67,812919641.5,763520077.17,97382,0.9618273334758766,0.9033789348780504,8679.042447988335
3557105,624701073.48,615815708.89,594530352.57,96795,0.9857766138602858,0.9517037472947997,6453.856846737952
4100509,130405415.34,120826886.34,119444275.02,18735,0.9265480733677636,0.9159456661257392,6960.523903923138
4100806,101510239.15,100554592.42,98398604.67,11672,0.9905857109784969,0.9693465949242619,8696.90191483893
4101408,675331117.3,651357834.61,645563418.48,135969,0.9645014392556853,0.9559213279864663,4966.802118865329
4102901,148927752.01,123657092.54,123563720.75,15443,0.8303159812128021,0.8296890208998999,9643.706016318072
4104303,716266360.62,677644534.07,672990116.58,99170,0.9460789607422455,0.9395807950515224,7222.611279822527
4104808,2132841226.84,1992767707.04,1989821609.31,350644,0.9343253881079879,0.932944086165337,6082.640019050661
4106902,14541135875.9,13265924013.71,13181874012.73,1871789,0.9123031465304238,0.9065229927860865,7768.576413206831
4109807,433405826.82,411189088.11,399591613.6,54917,0.9487391785361785,0.9219802523927683,7892.015711346213
4113700,4214542341.84,3980447683.08,3900132496.19,588125,0.9444554972348912,0.925398816728287,7166.065618431456
4114609,481924790.45,464985910.34,456736588.28,56530,0.9648516107789699,0.9477341637758863,8525.11569874403
4114906,65710363.92,61509482.28,59672086.87,9757,0.9360697249354086,0.908107691241044,6734.6893430357695
4119905,1869826766.43,1744118770.59,1716640269.05,391654,0.9327702447644333,0.9180744975255253,4774.180185648557
4120358,59303645.09,59271835.0,58953889.08,5705,0.9994636064958279,0.9941022847841948,10395.029814198073
4122107,37588543.75,35815639.1,35528001.95,3755,0.952833909666958,0.945181653918157,10010.26464713715
4128104,810217868.66,754909421.9,744319290.01,117148,0.9317363280922534,0.9186656068706704,6916.1903631303985
4200101,143798203.38,125895324.11,123501601.15,17389,0.875499979490773,0.8588535756850567,8269.492402093278
4200606,56589882.34,55716338.11,54522881.63,6765,0.9845635969915677,0.9634740235439762,8365.097167775315
4200754,33554871.22,31055715.11,30288165.44,1859,0.9255203188349475,0.9026458555426399,18049.95762237762
4200804,46446002.99,45679090.88,44880262.9,5942,0.9834880923948371,0.9662890240450376,7816.560583978458
4201109,39101297.93,32980775.36,31831646.67,3463,0.8434700919402447,0.8140815869331426,11291.16313312157
4201257,83327349.94,78447871.79,77850011.1,11926,0.941442057697581,0.9342672142586561,6987.032528928392
4201307,430284267.98,385666640.15,379779770.01,45462,0.8963066252934121,0.8826252742004792,9464.701684483745
4201406,351533348.2,299165892.07,293468216.1,72138,0.8510313277583944,0.8348232610154397,4873.06756771743
4201703,55166033.87,53983949.6,53675414.21,8408,0.9785722447840712,0.9729793941048458,6561.136283301617
4202008,1995794556.57,1833001409.08,1790708800.68,140036,0.9184319112635628,0.897241048576431,14252.010601345368
4202081,38239191.73,36058278.31,35804907.23,3144,0.9429665397898829,0.9363405869771505,12162.592789440203
4202099,26446047.55,24466177.75,24262798.94,1608,0.9251355123574978,0.9174451832217174,16446.546983830845
4202107,338663895.79,313109110.99,309350941.75,45633,0.9245423408940937,0.9134452936838106,7421.469020007451
4202131,56643243.25,55786763.95,54542065.89,5863,0.9848794092488693,0.962905066174861,9661.136491557223
4202156,34333945.44,30634469.34,30469306.45,2703,0.8922501899333128,0.8874397060846497,12702.162574916758
4202206,75709492.54,74741812.16,73528611.34,10484,0.9872185065896625,0.9711940850898219,7221.431947729875
4202305,480398649.82,464138534.78,457290636.91,78623,0.9661528710663685,0.95189825592004,6110.154151075385
4202404,3179802609.33,3015470080.48,2933296726.38,363340,0.9483198962200281,0.9224776147340983,8751.589721280343
4202453,326889436.59,310504197.14,306035628.41,24416,0.9498752862101472,0.9362053163982911,13388.328824950851
4202537,35333491.56,34791392.63,34662036.49,2721,0.9846576461576275,0.9809966397218401,12985.480176405734
4202701,53796141.46,51558478.73,50084574.85,5368,0.9584047727351633,0.9310068248526759,10021.635890461997
4202800,220117573.0,195929566.5,192250071.35,34113,0.8901132418900511,0.8733971973696075,6452.600855978659
4202859,44804314.47,41819150.77,41529738.92,3954,0.9333732981898697,0.9269138343319017,11331.389597875568
4202909,1101240435.42,1066762380.93,1055852776.37,141676,0.968691619576382,0.9587849686679097,7772.949796860443
4203105,56682179.61,52588950.08,52320265.8,6199,0.9277863067693701,0.9230461171392488,9143.7618341668
4203204,549084333.03,490307444.13,486686867.77,112167,0.8929547150332031,0.8863608711695097,4895.239535959774
4203303,125014962.11,120247415.82,109472822.27,12318,0.9618641944169445,0.8756777622639715,10148.965912485794
4203501,80382721.89,71959537.55,64901507.85,9562,0.8952115063791104,0.8074061977997545,8406.475830370215
4203600,321410573.31,305440464.69,302772642.41,36976,0.9503124354138877,0.9420120791047415,8692.410571992645
4203709,85477017.66,80289137.01,78475585.89,12759,0.9393067190219984,0.9180898917431884,6699.350862920292
4203907,169606579.69,162885563.4,162730035.53,23184,0.9603729035613807,0.9594559116010201,7315.673727139407
4203956,148670346.38,138861212.85,135565467.79,22873,0.9340209142653912,0.9118527742142737,6499.818405106457
4204004,74315695.2,70332153.86,69855930.81,10565,0.9463970386164132,0.939988929956212,7034.140577378135
4204103,44941257.47,39190115.1,39190115.1,4614,0.8720297852404529,0.8720297852404529,9740.19451018639
4204152,38424213.09,37027496.96,36739750.29,2802,0.9636501045127843,0.956161423630081,13713.138147751608
4204194,43253201.94,37663976.0,37165256.54,2949,0.8707789090908631,0.8592486769315928,14667.07424211597
4204202,1805504009.21,1771326934.14,1771326934.14,251150,0.9810706180126655,0.9810706180126655,7188.946881186542
4204251,124240370.32,122526565.41,120150631.78,17241,0.986205732439578,0.9670820480535736,7206.10001276028
4204301,672258180.73,565568397.54,565184849.82,81625,0.8412964152044287,0.8407258788673574,8235.934832833078
4204459,32250011.51,27706147.16,27673461.1,2069,0.8591050316806538,0.8580915108020686,15587.245775737072
4204905,63507976.71,60558076.06,59725590.76,8559,0.9535507064967557,0.9404423484112598,7420.022982825097
4205001,117327112.9,107164704.11,106568218.8,14989,0.913383969495085,0.908300018349808,7827.547728334112
4205159,36081606.4,33894465.86,33876069.34,3670,0.9393835042776809,0.9388736456035396,9831.50038147139
4205308,101289383.5,88288148.95,87566110.12,10965,0.8716426726992568,0.8645141977786843,9237.517875057
4205456,250509080.88,230806726.56,228412259.55,31692,0.9213507380619151,0.9117923340248695,7904.489488829989
4205605,39785687.93,38305518.91,38183083.39,3219,0.9627964452291424,0.9597190692587831,12359.64210313762
4205704,225365703.22,200619322.51,198831656.65,29801,0.8901945577502411,0.8822622688772759,7562.353720344955
4205803,207426869.58,176917522.02,175642405.18,18697,0.8529151617542335,0.8467678538255072,11094.125773118683
4205902,504124690.22,474812532.49,468569117.81,73053,0.9418553419448507,0.9294706783861676,6900.807498939127
4206009,197005714.14,185695291.48,183418431.42,17306,0.94258835227509,0.9310310222253536,11383.66544204322
4206108,62826583.48,61113075.8,56463111.44,6149,0.9727263908828423,0.8987137022654474,10217.365991218083
4206207,84785621.84,74507102.21,71939428.56,14022,0.8787704871776876,0.848486181958514,6046.614023677079
4206306,153055886.16,150862735.01,150791821.01,24578,0.985670912729829,0.9852075917705431,6227.353167873708
4206405,76065914.29,71928381.21,71917641.21,11154,0.9456059508569667,0.9454647575235237,6819.608596915905
4206504,316889770.41,301029039.91,300899665.5,46502,0.949948745649066,0.9495404825175908,6814.540673734464
4206603,44576987.92,42324485.99,42324485.99,4819,0.9494694003542266,0.9494694003542266,9250.256883170783
4206702,137690337.2,129781250.79,126721160.14,21339,0.9425588856063897,0.9203344455169219,6452.520605464173
4206801,44659086.14,42711267.01,42489473.52,3267,0.9563847069352502,0.9514183381809792,13669.753945515764
4207007,393734487.34,380000359.26,375071050.63,64456,0.9651183004750605,0.9525989281861317,6108.5777482313515
4207106,152565646.98,132245234.6,131441111.88,20319,0.8668087293421708,0.8615380623478808,7508.521432157094
4207205,71649032.05,68734132.73,66589195.19,12331,0.9593169755878092,0.929380248201134,5810.480257075663
4207304,350268532.1,310891783.27,306098043.67,54258,0.8875812548905816,0.8738953563279571,6455.6108242102555
4207502,562722222.1,547454057.68,518357647.33,71369,0.9728673156659401,0.9211607911903005,7884.686938306548
4207684,66347152.3,57672050.14,57672050.14,7726,0.869246804734376,0.869246804734376,8587.516476831477
4207700,66892340.4,62749056.8,62218745.96,7815,0.9380604180504948,0.930132591982086,8559.480537428022
4207858,32988616.03,31861806.2,31739871.84,2069,0.9658424642920674,0.9621462085931587,15944.232010633157
4207908,88033719.03,79819897.09,77902045.45,10298,0.9066968653545023,0.8849114442552706,8548.62293940571
4208203,2879626419.94,2710544158.75,2700099900.64,291169,0.9412832650724454,0.9376563160912585,9889.879829033998
4208302,733071776.82,678628857.91,660636078.03,76247,0.9257331674312049,0.9011888043156979,9614.43436226999
4208450,370841171.31,325561526.18,325238305.47,30731,0.8779001668826327,0.8770285788956296,12067.331727246103
4208500,162092118.6,160424835.96,159158909.51,26694,0.989713980825222,0.981904061003494,6072.230411328388
4208609,52216061.97,47069923.05,46808675.63,4314,0.9014452885597416,0.8964420882006243,12103.862301808067
4208708,73187020.99,70244468.36,69659504.45,10624,0.9597940647098882,0.95180133728244,6888.838572100904
4208807,139499891.73,134391375.01,131446853.98,19538,0.9633797800367655,0.9422720860200628,7139.926897840106
4208906,1500828977.09,1372402927.83,1352736980.24,193304,0.9144299242482585,0.901326534128399,7764.08650152092
4209003,321557994.74,289758955.14,289482883.81,29976,0.9011094728784101,0.900250929988742,10727.181569922604
4209102,4677973285.15,4491280681.35,4295508268.18,617979,0.9600911351091623,0.9182412994567293,7569.7932860987175
4209300,1031482219.41,1016006822.12,1004318452.56,164881,0.9849969325706344,0.9736653077107451,6255.919235145347
4209409,222290089.45,210941157.72,206265737.35,41269,0.9489453994189304,0.9279124312755096,5386.3696588238145
4209607,101932530.84,100484296.92,99562142.68,14192,0.9857922303305385,0.9767455184280599,7182.393661217588
4209706,77947940.86,75471240.42,64301844.06,11553,0.968226223647802,0.8249331970871514,6746.987004241322
4209854,46345696.67,41344119.86,41339948.82,4549,0.8920810955629119,0.8919910971315645,10188.10654429545
4209904,96624783.03,89816746.44,89806099.02,12913,0.9295415070905128,0.9294313136218588,7482.752499806396
4210001,99653965.69,87579362.49,86382828.16,12249,0.8788346944710534,0.866827803207718,8135.681744632215
4210100,362101864.48,358122182.69,349362835.3,55463,0.9890094965522613,0.9648192113059291,6528.710392153328
4210308,74276898.38,70416761.4,69666224.53,7359,0.9480304500566036,0.9379258699466444,10093.341266476422
4210605,124444403.28,110119199.41,109432576.68,18922,0.8848867165382417,0.8793692106327725,6576.70453863228
4210803,52087179.73,51086619.75,50866929.75,6940,0.9807906670089163,0.9765729304921997,7505.357309798271
4211009,86346265.51,80238812.74,80086208.89,9961,0.9292678990350464,0.9275005516101329,8668.433441421545
4211108,54590569.97,53759736.83,53754777.13,7754,0.9847806472719266,0.9846897945843155,7040.31080345628
4211306,859096193.49,765536420.71,757079053.02,88655,0.891095114273616,0.8812506198455324,9690.329857199256
4211504,126643912.79,119987058.57,118911542.04,13645,0.9474364454370708,0.9389439999155604,9281.342087944302
4211603,91634072.12,84336061.84,83698383.85,13396,0.9203570231993745,0.9133980615899315,6840.405503135265
4211702,156926059.18,149291600.1,148907593.94,23531,0.9513499598480135,0.9489029082747656,6668.907363902937
4211850,36599320.15,35095954.23,34030646.06,2168,0.9589236654167741,0.9298163441432122,16881.60523523985
4212056,43590253.67,41640745.48,39528804.39,2627,0.9552765119295071,0.906826665640737,16593.16850780358
4212106,100894230.07,88635040.51,88488164.07,15627,0.8784946418492453,0.8770388951737604,6456.404304728994
4212205,130633364.79,128650641.52,127583413.82,19132,0.9848222291970559,0.9766525881431366,6828.003595546728
4212239,39154515.53,36506277.89,36021873.88,4437,0.9323644385799913,0.9199928384352046,8824.547110660356
4212304,65922494.42,63673625.84,60850865.7,9326,0.9658861728491008,0.9230667958695851,7068.678363714347
4212403,42393681.14,41142161.78,41044334.1,4233,0.9704786344015042,0.9681710338966804,10015.043973541224
4212502,236412386.4,217999084.47,214716505.13,33400,0.922113632832903,0.908228660941261,7078.215161676647
4212650,72394984.3,61843638.08,61430261.57,10224,0.8542530767563133,0.8485430608761111,7080.886570813771
4212809,403092400.73,313354062.32,309377560.1,28177,0.777375266198311,0.7675102768985907,14305.724553004224
4212908,154983495.11,149607935.51,148388114.48,21495,0.9653152769836252,0.9574446257950311,7210.2114496394515
4213203,279570553.56,266978184.87,265750674.27,34699,0.954958172348085,0.9505674717382779,8057.020477823568
4213500,368400584.75,317347746.12,315184188.54,27726,0.8614203105441732,0.85554747084315,13287.188370121907
4213708,119090332.4,116413258.42,113367917.64,17143,0.9775206439847001,0.9519489563537401,6946.878166015284
4213906,31898681.81,29943733.46,29766444.49,1692,0.9387138201620878,0.933155942533915,18852.64882387707
4214151,39892718.44,34832226.71,34393205.95,2964,0.873147483353105,0.8621424484202186,13459.081794871794
4214201,78596368.65,69172425.42,68829712.19,11027,0.8800969638690807,0.8757365432047858,7127.629332547384
4214300,46585837.06,43508261.19,43403799.98,3252,0.9339375212677566,0.9316951828964302,14325.288148831489
4214706,101545789.9,95506824.8,95506824.8,10879,0.9405296358820288,0.9405296358820288,9334.110662744739
4214805,543377026.85,539598337.94,533412538.52,70952,0.993045917064427,0.9816619256287573,7658.375054262036
4214904,45408613.03,44771696.46,44562639.64,4885,0.985973661657994,0.9813697593132586,9295.51955578301
4215000,338563669.98,311385390.23,309293890.05,38531,0.9197247603335422,0.9135471920784382,8786.786483091537
4215109,67895185.27,64382942.96,64334963.9,12715,0.9482696409762666,0.9475629773180233,5339.770764451435
4215356,41233651.98,39693672.52,39693672.52,3626,0.9626523631535973,0.9626523631535973,11371.663535576392
4215455,89510128.88,87775285.84,87773734.69,12995,0.9806184723258998,0.980601143002175,6888.043776837245
4215554,33312638.31,30171781.15,30156721.41,2427,0.9057157487566165,0.905263675886859,13725.850148331272
4215604,34475104.6,34469604.59,33021541.03,2002,0.9998404642984028,0.9578372977583366,17220.33196803197
4215687,35046928.44,32098209.99,32080428.3,2580,0.9158637124206711,0.9153563444203501,13584.080790697673
4215695,28970625.33,27584945.51,27584945.49,1642,0.9521694887764441,0.9521694880860896,17643.498982947625
4215703,203902855.2,202175851.95,191938584.54,28260,0.9915302645060754,0.9413236727447257,7215.246114649681
4215752,38785379.26,30246608.34,30230436.37,2651,0.7798456252610072,0.7794286647901146,14630.471241041116
4215802,656482953.54,626496093.16,621307259.85,82760,0.9543219512124425,0.946417963329711,7932.370149105848
4216008,91983840.49,79327254.88,79196959.66,10279,0.8624042490226753,0.8609877478274011,8948.7149032007
4216107,59741259.14,58422963.17,58422963.17,8984,0.9779332409631566,0.9779332409631566,6649.739441228851
4216206,555235454.3,531527189.19,522650516.99,52428,0.9573005201191815,0.9413132986057589,10590.437443732355
4216255,57206901.6,55805147.51,55666841.3,6287,0.9754967661104722,0.9730791170833135,9099.236774296167
4216503,202831996.46,179589594.9,178884373.46,26026,0.8854105764098044,0.8819337016942361,7793.4371958810425
4216602,1438009221.47,1403029348.02,1356355410.74,287409,0.9756747919778692,0.9432174637610948,5003.354875699787
4216701,107920560.95,103290364.53,103083168.94,15100,0.9570962532140174,0.955176363360072,7147.057016556291
4216909,213017734.02,209898439.48,209736467.27,24774,0.9853566438759171,0.9845962742722072,8598.439251634778
4217006,115266722.46,106275356.45,103318197.45,13431,0.9219951273176854,0.8963402033562082,8582.140008934553
4217105,38347052.55,32897069.82,32756068.28,3654,0.857877402105576,0.8542004170278793,10494.54092775041
4217204,254837031.56,236593488.05,233733188.86,43946,0.9284109401278101,0.91718690737052,5798.8675092158555
4217253,54656717.17,47942212.7,47458509.81,5693,0.8771513398963255,0.8683015056024814,9600.688067802565
4217303,79276525.84,75096776.57,74775503.5,10272,0.9472763314775449,0.9432237690500691,7717.730319314642
4217808,136605664.29,125432290.64,124921001.94,18282,0.9182070984532527,0.914464290988735,7472.140044305874
4217956,33104651.57,28626993.3,28597226.45,2325,0.8647423229774233,0.8638431487348833,14238.559815053764
4218103,52213563.19,50388100.79,49994666.11,5377,0.9650385400177092,0.9575034350380255,9710.538067695741
4218202,315328333.05,306052014.75,304701063.49,46144,0.9705820336210349,0.9662977650717011,6833.571711381762
4218301,190421367.25,173473952.42,171242621.81,19782,0.9110004561213442,0.8992825977621479,9625.991671721767
4218400,66159353.52,53834988.38,53526816.36,7354,0.8137169654132981,0.8090589389423042,8996.37660048953
4218509,76369317.14,71076764.58,70609233.68,8803,0.9306979195545547,0.9245759465225986,8675.37397932523
4218707,546488059.82,506241686.19,499010780.41,114389,0.9263545233847263,0.9131229336911078,4777.452900366295
4218756,53488945.16,47372643.47,47343402.69,5018,0.8856529761111483,0.8851063065159164,10659.41513750498
4218905,85539569.96,78429030.14,75688617.37,11156,0.9168742627146124,0.8848374782032866,7667.584256005736
4219002,138481724.57,132028968.0,131425807.94,20915,0.9534035513347594,0.9490480303310105,6621.167801577814
4219101,46411410.21,44685933.86,44685878.08,3585,0.9628221520916376,0.962820950232014,12946.000058577407
4219200,59078255.42,55107477.87,55090603.46,6160,0.9327878333276619,0.9325022052250709,9590.625879870131
4219309,398741209.42,367957636.28,366676894.93,55921,0.9227981146348602,0.9195861532931596,7130.437750040235
4219507,321426952.39,289474623.43,288715438.04,50998,0.9005922536289647,0.8982303316297203,6302.736428683477
4219606,51761481.4,47892289.32,47747148.96,3654,0.9252495876209602,0.922445565091574,14165.703721948548
4219705,210783795.55,203037491.69,201624986.44,31625,0.9632500029720619,0.956548798800677,6665.100254545455
4219853,52155977.26,45012878.84,44086182.14,3925,0.8630435322035802,0.8452757374332823,13288.147072611464
4220000,123771377.0,117822382.36,113692742.36,15880,0.9519356188466741,0.9185705541597069,7794.167317380353
4305108,3571734146.76,3446693049.38,3364463468.66,503068,0.9649914881001355,0.9419691753127762,7099.903286951268
4307005,618822632.37,587261911.36,574653927.29,105428,0.9489987609387732,0.9286246126602701,5869.623177618849
4309100,540328011.13,523197631.03,517168157.84,44643,0.9682963315853738,0.9571374187291062,12103.3087187241
4310579,30159232.3,26059248.49,25670294.9,1937,0.8640554318751674,0.8511587644092651,15570.073464119772
4310603,232184148.06,221264274.89,216389283.62,35408,0.9529689116968565,0.9319726838719482,6557.392342408495
4310801,174393455.96,154409920.36,151038321.34,22911,0.8854112071465369,0.8660779185122813,7611.77844528829
4312401,552366541.03,501723140.64,492780213.31,66878,0.9083155900508292,0.8921253854209035,8259.316083465414
4313409,1725695967.64,1663181462.83,1560826015.91,241306,0.9637743229501239,0.9044617621981986,7151.4838737536575
4314100,1212089202.22,1124305865.24,1101549401.55,217240,0.9275768344283403,0.9088022560818617,5579.493657797828
4314902,12061040035.33,11378301799.26,11349538960.77,1404269,0.9433930876549553,0.9410083149980579,8588.838773290587
4316451,85514517.16,83267475.6,82249412.31,10200,0.97372327372444,0.9618181221336852,8383.776192156862
4316907,1442412114.09,1434247582.71,1366195945.61,296081,0.9943396680461528,0.9471606153778847,4871.680770093319
4318903,201249361.13,194083822.97,191386253.08,34690,0.9643947284117275,0.950990611872657,5801.365267512251
4320008,641767463.05,621993151.86,600048100.01,130554,0.9691877318055008,0.9349930224855454,4915.724244756959
4320909,178086346.71,173800350.05,168584012.97,24539,0.975933041812692,0.9466419862300065,7257.278076123722
5000203,206045963.03,186862216.67,185390701.82,17072,0.9068957912210739,0.8997541087131484,12069.234010660732
5000252,90942230.16,85265464.26,84664522.87,4670,0.9375783297813071,0.9309703832976687,19473.71095503212
5000609,257973905.14,247439868.85,243477549.08,38251,0.9591662719363678,0.9438068898785211,6744.239500666649
5001904,180045994.57,170306510.33,169146139.88,23837,0.9459055767207675,0.9394607210450202,7553.215361412929
5002100,165059599.11,163868246.87,161727362.08,23594,0.9927822904791738,0.9798119161323098,6995.8294104433335
5002704,6393130012.43,6229584684.5,5924478187.12,942140,0.974418582507782,0.9266944635258766,6785.753722833125
5002951,336900569.84,324944066.56,324792384.57,30497,0.9645102907196674,0.9640600629564077,11047.006913466897
5003306,277241509.68,273237956.19,265340427.59,32302,0.9855593287793699,0.9570732315527477,8582.797030524425
5003702,1804994222.72,1774072492.51,1756428493.51,261019,0.9828687926970741,0.9730936927117612,6915.1832729418165
5004700,227281120.3,225708717.82,225702847.53,29890,0.993081684576684,0.9930558562545064,7603.91837738374
5005707,388680841.33,376763640.41,366687037.79,50868,0.9693393662542735,0.9434142329610564,7640.969594440512
5006200,378609366.04,360399683.51,359946111.08,52221,0.9519037716354958,0.9507057758364376,7250.136267784991
5006606,653982098.42,638830236.75,631979796.8,90756,0.9768313816133403,0.9663564160652763,7205.93788201331
5007695,339472825.21,328283821.2,326999599.1,31846,0.9670400598248817,0.9632570704229891,10659.82620140677
5102504,528618181.95,493130747.16,487490138.0,92639,0.9328675478790918,0.9221970689727617,5706.216409395611
5107958,773678236.38,661358684.42,652920796.32,100784,0.8548239478913904,0.8439177498064083,7676.597836759803
5200258,691558004.38,688790235.94,683242545.32,208892,0.995997778317263,0.9879757605185194,3310.600714148938
5200308,182484890.79,178346044.62,178346044.62,28690,0.9773195131274572,0.9773195131274572,6360.574792262112
5200506,26982497.39,26982497.39,26982497.39,1891,1.0,1.0,14268.903960867267
5200605,77604098.63,77366564.87,76447502.21,10414,0.9969391596037666,0.9850961941389924,7451.901155175725
5200803,60590639.85,60209734.17,59110767.49,8412,0.9937134567163677,0.9755758915293911,7202.881579885878
5201108,2047598263.77,2047040648.97,2038673842.97,393417,0.9997276737288431,0.9956415176951906,5204.651206658584
5201405,2494323116.89,2406055153.16,2351823439.56,500760,0.9646124581325072,0.9428704018476672,4981.074999780333
5201603,36134808.43,36134808.43,36132334.23,3859,1.0,0.9999315286255136,9363.775182689817
5201702,86708531.83,85231837.25,84864897.86,18096,0.9829694431581981,0.9787375713659342,4791.585534372237
5202809,31364362.78,31364362.78,30752971.68,2470,1.0,0.980506822208106,12698.122582995951
5203302,197711402.32,190104283.94,188278085.62,33912,0.9615241291562552,0.9522874422551919,5830.13099551781
5203500,166471919.92,163334465.68,161424179.37,22320,0.9811532525034389,0.9696781261823272,7458.41935125448
5203575,41839639.08,41071317.51,40515368.51,3171,0.9816365153501702,0.968348900728615,13194.462024597919
5203807,50110175.63,50110175.63,49835139.11,6008,1.0,0.9945113638788498,8340.575171438082
5203906,75354760.71,75118945.13,74758293.81,10892,0.9968705948001411,0.9920845492125511,6918.358493389644
5203939,42809431.73,42809351.73,42700384.62,2720,0.9999981312529327,0.9974527316623177,15738.761665441176
5204003,59311709.38,56918917.09,56385153.05,7342,0.9596573372271269,0.9506580342972404,8078.413154453828
5204508,619492442.1,618171380.34,581170603.17,93483,0.9978675094799837,0.9381399411426329,6626.792487404127
5204805,81775225.29,78236012.66,77682368.68,7424,0.956720233818386,0.9499499194837375,11014.98185479526
5205000,63559769.82,61247150.85,60482376.44,9484,0.963615051210077,0.9515826852627831,6701.7893104175455
5205307,73500944.35,70715068.01,70680062.83,10991,0.9620974075280709,0.9616211526947546,6687.37552088072
5205406,197600024.68,184350043.53,183223202.74,21633,0.9329454478993235,0.9272428130346527,9134.19427171451
5205455,77293118.36,77293118.36,74208155.24,7722,1.0,0.960087480160504,10009.468837088836
5205513,123324621.99,120532568.76,120527496.03,24018,0.9773601314567468,0.9773189983081659,5134.674910067449
5205521,43844045.39,43836605.29,41343756.66,3967,0.999830305348564,0.9429731287850032,11052.191930930174
5205901,97306791.01,96322027.94,94668788.75,8739,0.9898798114727799,0.9728898442480864,11134.774117175879
5206305,47664627.2,46984337.59,46569292.51,3682,0.9857275793400101,0.9770199673354415,12945.30885388376
5206404,155702265.53,151524862.37,150967161.38,20227,0.9731705691899832,0.9695887267029671,7697.743883423147
5206701,36820102.57,36820102.57,35734116.15,3790,1.0,0.9705056112232334,9715.066641160949
5206800,30779643.26,30779534.28,30524292.41,2724,0.9999964593481776,0.9917039048229697,11299.428509544789
5207352,59232504.3,58993638.61,58959372.19,3900,0.9959673207671552,0.9953888137395535,15187.821615384615
5207501,39225721.03,39216520.55,38798996.99,3186,0.9997654477786918,0.9891213206846182,12311.90239485248
5207808,64460655.48,64434257.12,64189427.55,9904,0.9995904732925313,0.995792349178265,6508.547605008077
5207907,78296742.85,77938044.37,77480546.18,11627,0.9954187304995921,0.9895755986738344,6734.045140620968
5208509,48267858.85,48267858.85,48267858.85,5023,1.0,1.0,9609.368674099143
5208608,363874676.75,361107279.15,351575674.0,73201,0.9923946408562491,0.9661998937110702,4970.89762093414
5208707,9443789728.21,9305863716.05,9251388580.97,1414483,0.9853950568437589,0.9796267014856049,6676.495743116036
5208806,311126061.06,295135454.88,288080110.93,69511,0.9486040927413141,0.9259272911710356,4475.925552214758
5209101,382326024.63,374096376.41,371698980.44,36936,0.9784747893425139,0.9722042353766411,10351.040302956466
5209705,216834494.97,213341511.43,210012809.39,27530,0.983891015401017,0.96853966625124,7876.298400653832
5210000,263294805.03,253163401.2,252609225.53,53315,0.9615206846605058,0.9594159121415917,4938.475195160837
5210109,217585088.13,210611115.65,206879697.33,24617,0.9679482976524877,0.9507990603032325,8838.814158102125
5210307,28449018.36,27942165.57,27925415.38,2543,0.9821838214736911,0.9815950422832094,11187.187715296894
5210604,43767193.94,43767193.94,43732104.01,4906,1.0,0.9991982595446237,8921.156530778639
5211404,71071394.5,71071394.5,70800780.85,8693,1.0,0.9961923689284019,8175.703957206948
5211602,37938532.49,34613693.64,33994560.39,2664,0.9123624813143109,0.8960431033794054,14241.190874624626
5211909,740899118.98,728237465.04,720115076.57,104656,0.9829104211145082,0.9719475406603082,7079.375468009479
5212204,134970253.63,133933174.01,133547382.43,19582,0.9923162356733582,0.9894578904482126,6892.567338882647
5212501,948344014.02,922741410.1,915374299.17,196416,0.9730028306801123,0.9652344356450963,4828.242169782502
5212907,34793527.09,33113782.86,32680409.21,2764,0.951722507877542,0.9392669252952129,12588.10676193922
5213004,74355307.77,72061338.66,71969639.3,9684,0.9691485493262185,0.9679152902254203,7678.160653655514
5213103,678402600.84,651782645.6,638880337.18,71108,0.9607608296208784,0.9417421696039144,9540.453969173652
5213772,33126246.4,33117875.85,32522026.89,3647,0.9997473136588153,0.9817600973347829,9083.149547573348
5214101,37252678.74,36392467.43,35513896.07,3574,0.9769087394760594,0.953324627145994,10423.245310576385
5214408,59160682.43,59109702.17,58759659.51,9247,0.9991382746461669,0.9932214622359284,6397.824421974695
5214507,227312121.6,220235165.6,216460275.03,33898,0.9688667900761875,0.9522601500807953,6705.767939111452
5214606,179803597.21,175727500.44,174675713.43,35609,0.9773302824123181,0.9714806385435607,5049.386312729928
5214804,30200877.01,29479180.55,29151180.55,2103,0.9761034601822643,0.9652428484228313,14360.854498335711
5214861,40723488.12,39660137.08,39528328.25,8307,0.9738885078589874,0.9706518295663128,4902.309873600578
5214903,37233859.17,37076065.88,37074079.53,3076,0.9957621021962951,0.9957087542478342,12104.635620936282
5215405,40224663.98,40112569.85,39348280.86,4060,0.9972132985360492,0.9782127920214388,9907.552704433498
5215702,182058304.95,178518063.63,178250830.57,32004,0.9805543541615842,0.9790865108787777,5688.610953318334
5216403,131473972.24,130089468.69,128720799.94,10383,0.9894693715690537,0.979059183706915,12662.426296831358
5216809,58665069.65,58292043.56,58289843.56,8854,0.9936414276463746,0.9936039266255265,6625.826705443867
5217302,119292623.48,110639341.23,109882113.86,26598,0.9274617155900611,0.9211140693743086,4485.022312955862
5217708,103484883.68,103032641.56,100610104.03,18843,0.9956298726546532,0.9722202939427413,5491.953705885475
5218805,2409832671.89,2291315121.4,2238259790.56,214607,0.9508191784963028,0.9288029897962012,11229.04971361605
5218904,127216150.89,125175917.94,122390763.42,19803,0.9839624691068972,0.9620693800571567,6424.084779578851
5219100,50937824.54,49935335.26,49687920.38,6182,0.9803193542509304,0.9754621605597137,8239.699860886445
5219258,47768292.31,47526154.87,46525781.23,4985,0.9949310007058947,0.9739887900547809,9582.405679037112
5219308,233783289.38,230372974.47,219604280.26,37193,0.9854124949689764,0.9393497749235921,6285.67981555669
5219902,48135932.26,43440144.41,40778220.25,6379,0.9024473479679107,0.8471472003438456,7545.999727229973
5220009,88554191.88,88088355.31,88050073.84,11275,0.9947395311265305,0.994307236853529,7854.030321951219
5220454,1200186494.14,1168740174.46,1167906836.04,153522,0.9737988055743511,0.9731044647997558,7817.684072250232
5221007,36685356.15,35799119.44,34833608.13,4038,0.9758422214472626,0.9495235098051517,9085.031240713224
5221197,43385208.31,42373469.73,42201864.15,7842,0.9766801032100425,0.9727247095013428,5532.416259882683
5221304,44220996.16,43759345.67,42363601.12,2906,0.9895603778727722,0.957997440101087,15217.1356366139
5221601,249809700.95,246183421.79,238549653.5,43728,0.985483833709381,0.9549254996616255,5712.808748399195
5222054,83467545.81,80437593.91,79017223.25,8776,0.9636990416982286,0.9466820005690545,9510.887170692798
5222203,47064041.0,47013974.53,45145656.39,3686,0.9989362054567308,0.9592388462775646,12768.323657080846
