fold,config,mean_hits,brier,ge11,n
1,marg_w500_hl250.0_pr100.0,9.16,0.24031718774072275,17,100
1,marg_w500_hl250.0_pr25.0,9.16,0.24057860672554343,17,100
1,marg_w500_hlNone_pr100.0,9.13,0.24037711242814513,12,100
1,marg_wNone_hlNone_pr100.0,9.13,0.24037711242814513,12,100
1,marg_w500_hlNone_pr25.0,9.13,0.2405562689221312,12,100
1,marg_wNone_hlNone_pr25.0,9.13,0.2405562689221312,12,100
1,marg_w250_hlNone_pr100.0,9.11,0.2407244081632653,16,100
1,marg_w250_hlNone_pr25.0,9.11,0.24118452892561978,16,100
1,blend_w120_lw0.5,9.08,0.24024143141251192,12,100
1,blend_w120_lw0.75,9.08,0.24027634893356148,14,100
1,marg_w250_hl125.0_pr100.0,9.08,0.24047568781014053,14,100
1,marg_w250_hl125.0_pr25.0,9.08,0.24101030140539326,14,100
1,blend_w30_lw0.75,9.06,0.24028634869214918,12,100
1,blend_w120_lw0.25,9.05,0.24027235986499648,11,100
1,blend_w60_lw0.75,9.05,0.24030109155001877,14,100
1,pair_w250_pw0.25,9.01,0.24047568781014053,8,100
1,marg_w120_hlNone_pr100.0,8.99,0.24033294214876036,6,100
1,marg_w120_hlNone_pr25.0,8.99,0.24094051843043993,6,100
1,pair_w250_pw0.1,8.98,0.24047568781014053,10,100
1,blend_w30_lw0.5,8.97,0.24027640143301313,11,100
1,blend_w60_lw0.5,8.97,0.24030238881245347,9,100
1,repeatmix_rw0.1,8.95,0.24053693775900586,8,100
1,marg_w120_hl60.0_pr100.0,8.94,0.2403691342910151,9,100
1,marg_w120_hl60.0_pr25.0,8.94,0.24116289309192943,9,100
1,pair_w120_pw0.25,8.92,0.2403691342910151,10,100
1,pair_w120_pw0.1,8.91,0.2403691342910151,12,100
1,repeatmix_rw0.25,8.91,0.24053693775900586,9,100
1,marg_w30_hl15_pr100.0,8.9,0.24049895634532079,7,100
1,marg_w30_hl15_pr25.0,8.9,0.24225779006616358,7,100
1,repeatmix_rw0.5,8.89,0.24053693775900586,9,100
1,blend_w60_lw0.25,8.88,0.2403810042154491,7,100
1,pair_w60_pw0.25,8.85,0.24053693775900586,6,100
1,marg_w60_hlNone_pr100.0,8.84,0.24076728125000005,7,100
1,marg_w60_hlNone_pr25.0,8.84,0.2422536193771626,7,100
1,pair_w60_pw0.1,8.83,0.24053693775900586,4,100
1,blend_w30_lw0.25,8.81,0.240347270650737,5,100
1,marg_w60_hl30.0_pr100.0,8.81,0.24053693775900586,4,100
1,marg_w60_hl30.0_pr25.0,8.81,0.24197486453788516,4,100
1,marg_w30_hlNone_pr100.0,8.8,0.2408872426035503,5,100
1,marg_w30_hlNone_pr25.0,8.8,0.24335021487603303,5,100
2,marg_w500_hl250.0_pr100.0,9.1,0.24041896397379212,23,180
2,marg_w500_hl250.0_pr25.0,9.1,0.24061063557548457,23,180
2,marg_w120_hl60.0_pr100.0,9.094444444444445,0.24041586545415872,23,180
2,marg_w120_hl60.0_pr25.0,9.094444444444445,0.24132616797072332,23,180
2,pair_w120_pw0.1,9.088888888888889,0.24041586545415872,23,180
2,marg_w250_hlNone_pr100.0,9.088888888888889,0.24061866303854873,21,180
2,marg_w250_hlNone_pr25.0,9.088888888888889,0.24093866078971538,21,180
2,marg_w120_hlNone_pr100.0,9.083333333333334,0.24053514233241508,21,180
2,marg_w120_hlNone_pr25.0,9.083333333333334,0.2413175214691505,21,180
2,pair_w120_pw0.25,9.061111111111112,0.24041586545415872,23,180
2,marg_w60_hlNone_pr100.0,9.061111111111112,0.2406204861111111,18,180
2,marg_w60_hlNone_pr25.0,9.061111111111112,0.24205090349865435,18,180
2,marg_w60_hl30.0_pr100.0,9.033333333333333,0.24041742554577128,17,180
2,marg_w60_hl30.0_pr25.0,9.033333333333333,0.24175098226621602,17,180
2,marg_w250_hl125.0_pr100.0,9.022222222222222,0.2404863747629072,22,180
2,marg_w250_hl125.0_pr25.0,9.022222222222222,0.24095084023772856,22,180
2,marg_w500_hlNone_pr100.0,9.011111111111111,0.2405349,22,180
2,marg_w500_hlNone_pr25.0,9.011111111111111,0.2406650243386243,22,180
2,pair_w250_pw0.25,9.005555555555556,0.2404863747629072,22,180
2,pair_w60_pw0.1,9.0,0.24041742554577128,14,180
2,marg_w30_hl15_pr100.0,8.988888888888889,0.24035914597522512,15,180
2,marg_w30_hl15_pr25.0,8.988888888888889,0.24192871676772737,15,180
2,pair_w250_pw0.1,8.983333333333333,0.2404863747629072,19,180
2,pair_w60_pw0.25,8.977777777777778,0.24041742554577128,12,180
2,repeatmix_rw0.5,8.95,0.24041742554577128,13,180
2,marg_w30_hlNone_pr100.0,8.95,0.2408107297830375,18,180
2,marg_w30_hlNone_pr25.0,8.95,0.24326214876033056,18,180
2,repeatmix_rw0.1,8.944444444444445,0.24041742554577128,16,180
2,repeatmix_rw0.25,8.944444444444445,0.24041742554577128,13,180
2,blend_w120_lw0.25,8.927777777777777,0.24040083387278183,14,180
2,blend_w30_lw0.75,8.905555555555555,0.24059689244239885,20,180
2,blend_w60_lw0.25,8.88888888888889,0.24041019031719735,13,180
2,blend_w60_lw0.75,8.877777777777778,0.24059992184791273,16,180
2,marg_wNone_hlNone_pr100.0,8.872222222222222,0.24079688860720197,19,180
2,marg_wNone_hlNone_pr25.0,8.872222222222222,0.24089937041007256,19,180
2,blend_w30_lw0.25,8.866666666666667,0.24037802112641035,16,180
2,blend_w120_lw0.75,8.866666666666667,0.2405913454493034,20,180
2,blend_w30_lw0.5,8.85,0.24045726994880165,20,180
2,blend_w120_lw0.5,8.844444444444445,0.2404593272044967,18,180
2,blend_w60_lw0.5,8.816666666666666,0.24047102241791124,15,180
3,blend_w120_lw0.25,9.092307692307692,0.24021426478995817,35,260
3,marg_w250_hl125.0_pr100.0,9.080769230769231,0.24040931255170675,25,260
3,pair_w250_pw0.1,9.080769230769231,0.24040931255170675,23,260
3,marg_w250_hl125.0_pr25.0,9.080769230769231,0.24082824779215056,25,260
3,blend_w120_lw0.5,9.069230769230769,0.2401608056704836,32,260
3,marg_w60_hl30.0_pr100.0,9.069230769230769,0.24028721108397408,32,260
3,pair_w250_pw0.25,9.069230769230769,0.24040931255170675,22,260
3,marg_w60_hl30.0_pr25.0,9.069230769230769,0.24146924749081042,32,260
3,marg_w60_hlNone_pr100.0,9.053846153846154,0.24056478365384615,30,260
3,marg_w60_hlNone_pr25.0,9.053846153846154,0.24196284269363855,30,260
3,marg_w120_hl60.0_pr100.0,9.042307692307693,0.24031768545836935,34,260
3,marg_w120_hl60.0_pr25.0,9.042307692307693,0.24110932416269182,34,260
3,marg_w120_hlNone_pr100.0,9.034615384615385,0.24048871582962494,29,260
3,marg_w120_hlNone_pr25.0,9.034615384615385,0.2411864995884021,29,260
3,marg_w250_hlNone_pr100.0,9.03076923076923,0.24052901224489795,28,260
3,marg_w250_hlNone_pr25.0,9.03076923076923,0.24082487171010805,28,260
3,pair_w120_pw0.25,9.026923076923078,0.24031768545836935,35,260
3,pair_w60_pw0.1,9.015384615384615,0.24028721108397408,27,260
3,pair_w120_pw0.1,9.011538461538462,0.24031768545836935,33,260
3,marg_w500_hl250.0_pr100.0,9.007692307692308,0.24039016685415224,28,260
3,marg_w500_hl250.0_pr25.0,9.007692307692308,0.24057875698507894,28,260
3,blend_w60_lw0.5,8.996153846153845,0.24015045641528904,26,260
3,blend_w60_lw0.25,8.984615384615385,0.24019507495816406,23,260
3,marg_w30_hlNone_pr100.0,8.98076923076923,0.2404265634956759,32,260
3,marg_w30_hlNone_pr25.0,8.98076923076923,0.24233734265734266,32,260
3,blend_w30_lw0.5,8.976923076923077,0.2401264534680306,25,260
3,pair_w60_pw0.25,8.976923076923077,0.24028721108397408,24,260
3,repeatmix_rw0.25,8.976923076923077,0.24028721108397408,21,260
3,marg_w30_hl15_pr100.0,8.96923076923077,0.2402122826173532,28,260
3,marg_w30_hl15_pr25.0,8.96923076923077,0.24151089545396975,28,260
3,blend_w60_lw0.75,8.965384615384615,0.240153355455349,25,260
3,blend_w30_lw0.25,8.961538461538462,0.24014897457273743,30,260
3,blend_w120_lw0.75,8.946153846153846,0.2401573080999455,25,260
3,repeatmix_rw0.5,8.942307692307692,0.24028721108397408,21,260
3,repeatmix_rw0.1,8.934615384615384,0.24028721108397408,17,260
3,marg_w500_hlNone_pr100.0,8.919230769230769,0.24043702478632478,33,260
3,marg_w500_hlNone_pr25.0,8.919230769230769,0.24055431390197105,33,260
3,marg_wNone_hlNone_pr100.0,8.915384615384616,0.24020377207834395,26,260
3,marg_wNone_hlNone_pr25.0,8.915384615384616,0.24022943534754657,26,260
3,blend_w30_lw0.75,8.873076923076923,0.2401447193032328,21,260
4,blend_w120_lw0.75,9.14,0.2399916510560942,36,300
4,pair_w120_pw0.1,9.096666666666666,0.2402730225830995,35,300
4,pair_w120_pw0.25,9.09,0.2402730225830995,38,300
4,marg_w250_hlNone_pr100.0,9.083333333333334,0.24024875972789117,34,300
4,marg_w250_hlNone_pr25.0,9.083333333333334,0.24052698269972453,34,300
4,blend_w120_lw0.25,9.08,0.24013051702621524,31,300
4,marg_w120_hl60.0_pr100.0,9.08,0.2402730225830995,34,300
4,marg_w120_hl60.0_pr25.0,9.08,0.24109711998816294,34,300
4,blend_w120_lw0.5,9.073333333333334,0.2400367265172135,31,300
4,marg_w500_hlNone_pr100.0,9.063333333333333,0.24007493481481484,43,300
4,marg_w500_hlNone_pr25.0,9.063333333333333,0.24015273118669692,43,300
4,marg_w120_hlNone_pr100.0,9.063333333333333,0.2404396418732782,34,300
4,marg_w120_hlNone_pr25.0,9.063333333333333,0.24118994847403882,34,300
4,marg_wNone_hlNone_pr100.0,9.06,0.23999529064285738,32,300
4,marg_wNone_hlNone_pr25.0,9.06,0.2400024782570573,32,300
4,marg_w250_hl125.0_pr100.0,9.023333333333333,0.24021411674685936,34,300
4,marg_w250_hl125.0_pr25.0,9.023333333333333,0.24061206435308846,34,300
4,pair_w250_pw0.1,9.02,0.24021411674685936,35,300
4,blend_w60_lw0.75,9.016666666666667,0.24001286202536634,27,300
4,blend_w60_lw0.5,9.01,0.24007227560151412,29,300
4,pair_w250_pw0.25,9.01,0.24021411674685936,31,300
4,repeatmix_rw0.5,9.006666666666666,0.24031662933472656,36,300
4,marg_w500_hl250.0_pr100.0,9.003333333333334,0.24007457838352209,36,300
4,marg_w500_hl250.0_pr25.0,9.003333333333334,0.24021500518425987,36,300
4,repeatmix_rw0.1,9.003333333333334,0.24031662933472656,34,300
4,repeatmix_rw0.25,8.996666666666666,0.24031662933472656,34,300
4,marg_w60_hlNone_pr100.0,8.99,0.24052007291666663,27,300
4,marg_w60_hlNone_pr25.0,8.99,0.24191749019607842,27,300
4,blend_w30_lw0.75,8.976666666666667,0.24001912062614877,29,300
4,blend_w30_lw0.5,8.963333333333333,0.24007734184671842,27,300
4,blend_w60_lw0.25,8.95,0.2401735313713009,21,300
4,pair_w60_pw0.1,8.95,0.24031662933472656,27,300
4,pair_w60_pw0.25,8.943333333333333,0.24031662933472656,26,300
4,marg_w30_hlNone_pr100.0,8.943333333333333,0.24067676528599605,38,300
4,marg_w30_hlNone_pr25.0,8.943333333333333,0.24294787878787877,38,300
4,blend_w30_lw0.25,8.93,0.24016995430456642,34,300
4,marg_w60_hl30.0_pr100.0,8.923333333333334,0.24031662933472656,27,300
4,marg_w60_hl30.0_pr25.0,8.923333333333334,0.24156571929943818,27,300
4,marg_w30_hl15_pr100.0,8.9,0.24029695799969275,31,300
4,marg_w30_hl15_pr25.0,8.9,0.24176233603074432,31,300
5,marg_w500_hlNone_pr100.0,9.113333333333333,0.24021009407407404,40,300
5,marg_w500_hlNone_pr25.0,9.113333333333333,0.240300458473167,40,300
5,marg_w30_hlNone_pr100.0,9.113333333333333,0.24030975936883625,33,300
5,marg_w30_hlNone_pr25.0,9.113333333333333,0.24211402754820938,33,300
5,blend_w120_lw0.5,9.106666666666667,0.240084424884322,38,300
5,marg_wNone_hlNone_pr100.0,9.1,0.23998563933175981,37,300
5,marg_wNone_hlNone_pr25.0,9.1,0.2399907215698124,37,300
5,marg_w30_hl15_pr100.0,9.08,0.24012778851034752,32,300
5,marg_w30_hl15_pr25.0,9.08,0.2413095558293197,32,300
5,blend_w30_lw0.5,9.073333333333334,0.23998971934255953,32,300
5,marg_w60_hl30.0_pr100.0,9.066666666666666,0.24019028342944926,29,300
5,marg_w60_hl30.0_pr25.0,9.066666666666666,0.24127981831521916,29,300
5,blend_w30_lw0.75,9.063333333333333,0.23997093069253614,35,300
5,blend_w60_lw0.25,9.063333333333333,0.24007827022879444,28,300
5,blend_w60_lw0.5,9.06,0.24000682514562793,34,300
5,blend_w30_lw0.25,9.053333333333333,0.24004200528183,32,300
5,repeatmix_rw0.1,9.046666666666667,0.24019028342944926,36,300
5,marg_w60_hlNone_pr100.0,9.046666666666667,0.24039808333333335,36,300
5,marg_w60_hlNone_pr25.0,9.046666666666667,0.24167902191464818,36,300
5,blend_w60_lw0.75,9.04,0.2399759481799498,36,300
5,blend_w120_lw0.25,9.04,0.2402016120926126,30,300
5,pair_w120_pw0.25,9.04,0.24036399558890953,42,300
5,blend_w120_lw0.75,9.036666666666667,0.24001243396403774,39,300
5,marg_w120_hl60.0_pr100.0,9.03,0.24036399558890953,35,300
5,marg_w120_hl60.0_pr25.0,9.03,0.24121831296374827,35,300
5,pair_w60_pw0.1,9.026666666666667,0.24019028342944926,32,300
5,pair_w120_pw0.1,9.023333333333333,0.24036399558890953,37,300
5,pair_w60_pw0.25,9.02,0.24019028342944926,32,300
5,marg_w120_hlNone_pr100.0,9.02,0.24072563636363634,34,300
5,marg_w120_hlNone_pr25.0,9.02,0.24156769560047564,34,300
5,marg_w500_hl250.0_pr100.0,9.006666666666666,0.24027584989505574,41,300
5,marg_w500_hl250.0_pr25.0,9.006666666666666,0.2404348737218414,41,300
5,marg_w250_hl125.0_pr100.0,9.0,0.2405641188628047,35,300
5,marg_w250_hl125.0_pr25.0,9.0,0.24102178337231317,35,300
5,pair_w250_pw0.1,8.993333333333334,0.2405641188628047,35,300
5,marg_w250_hlNone_pr100.0,8.983333333333333,0.24081681850340136,35,300
5,marg_w250_hlNone_pr25.0,8.983333333333333,0.24115438369146006,35,300
5,pair_w250_pw0.25,8.973333333333333,0.2405641188628047,35,300
5,repeatmix_rw0.5,8.96,0.24019028342944926,29,300
5,repeatmix_rw0.25,8.953333333333333,0.24019028342944926,26,300
6,marg_w500_hlNone_pr100.0,9.126666666666667,0.23971205407407412,36,300
6,marg_w500_hlNone_pr25.0,9.126666666666667,0.2397442883144369,36,300
6,blend_w120_lw0.75,9.11,0.23985527180042407,32,300
6,marg_w120_hlNone_pr100.0,9.09,0.24022883195592284,35,300
6,marg_w120_hlNone_pr25.0,9.09,0.24080739437177964,35,300
6,marg_w500_hl250.0_pr100.0,9.086666666666666,0.2397917018936845,33,300
6,marg_w500_hl250.0_pr25.0,9.086666666666666,0.23987110185081736,33,300
6,marg_w250_hlNone_pr100.0,9.076666666666666,0.23991419210884354,33,300
6,marg_w250_hl125.0_pr100.0,9.076666666666666,0.240024621660212,33,300
6,marg_w250_hlNone_pr25.0,9.076666666666666,0.24010722027548212,33,300
6,marg_w250_hl125.0_pr25.0,9.076666666666666,0.2403407315628119,33,300
6,marg_wNone_hlNone_pr25.0,9.07,0.23978455162148435,34,300
6,marg_wNone_hlNone_pr100.0,9.07,0.23978661858178943,34,300
6,blend_w30_lw0.75,9.063333333333333,0.23989335577453658,29,300
6,blend_w60_lw0.75,9.06,0.23989436107396747,36,300
6,pair_w250_pw0.25,9.046666666666667,0.240024621660212,30,300
6,blend_w120_lw0.5,9.043333333333333,0.23996229682586412,34,300
6,pair_w250_pw0.1,9.033333333333333,0.240024621660212,31,300
6,marg_w30_hlNone_pr100.0,9.02,0.2404682603550296,28,300
6,marg_w30_hlNone_pr25.0,9.02,0.24233838016528922,28,300
6,repeatmix_rw0.25,9.006666666666666,0.2404241741371783,37,300
6,repeatmix_rw0.1,9.0,0.2404241741371783,38,300
6,blend_w60_lw0.5,8.983333333333333,0.24003653449725826,34,300
6,repeatmix_rw0.5,8.983333333333333,0.2404241741371783,34,300
6,marg_w60_hlNone_pr100.0,8.966666666666667,0.24061463541666664,34,300
6,marg_w60_hlNone_pr25.0,8.966666666666667,0.24203386389850057,34,300
6,blend_w30_lw0.5,8.96,0.24002909269342892,21,300
6,blend_w120_lw0.25,8.946666666666667,0.24010769365810963,33,300
6,pair_w120_pw0.1,8.946666666666667,0.24029146229716067,33,300
6,pair_w120_pw0.25,8.946666666666667,0.24029146229716067,31,300
6,marg_w120_hl60.0_pr100.0,8.936666666666667,0.24029146229716067,31,300
6,marg_w120_hl60.0_pr25.0,8.936666666666667,0.2410660489599452,31,300
6,pair_w60_pw0.25,8.93,0.2404241741371783,29,300
6,blend_w60_lw0.25,8.92,0.24021313885166193,27,300
6,blend_w30_lw0.25,8.906666666666666,0.24019382933846647,27,300
6,marg_w30_hl15_pr100.0,8.903333333333334,0.2403875657096493,20,300
6,marg_w30_hl15_pr25.0,8.903333333333334,0.24193161048537373,20,300
6,marg_w60_hl30.0_pr100.0,8.883333333333333,0.2404241741371783,22,300
6,pair_w60_pw0.1,8.883333333333333,0.2404241741371783,24,300
6,marg_w60_hl30.0_pr25.0,8.883333333333333,0.24175370213734151,22,300
7,marg_w500_hlNone_pr100.0,9.123333333333333,0.24010142666666667,32,300
7,marg_w500_hlNone_pr25.0,9.123333333333333,0.2402088838095238,32,300
7,marg_wNone_hlNone_pr100.0,9.103333333333333,0.2398763275296967,36,300
7,marg_wNone_hlNone_pr25.0,9.103333333333333,0.23987714058169696,36,300
7,blend_w120_lw0.75,9.073333333333334,0.2399609010150709,38,300
7,blend_w60_lw0.75,9.053333333333333,0.2399405337850907,40,300
7,marg_w250_hlNone_pr100.0,9.05,0.24048996789115648,27,300
7,marg_w250_hlNone_pr25.0,9.05,0.24080900584022036,27,300
7,blend_w30_lw0.75,9.03,0.23993523186142696,39,300
7,marg_w60_hl30.0_pr100.0,9.003333333333334,0.2403636236246844,45,300
7,marg_w60_hl30.0_pr25.0,9.003333333333334,0.24162800788989539,45,300
7,marg_w60_hlNone_pr100.0,9.0,0.24064968750000001,38,300
7,marg_w60_hlNone_pr25.0,9.0,0.24209439446366782,38,300
7,pair_w250_pw0.25,8.996666666666666,0.24041005544184307,34,300
7,blend_w30_lw0.5,8.993333333333334,0.24002743968717358,39,300
7,marg_w500_hl250.0_pr100.0,8.99,0.240170166677685,30,300
7,marg_w500_hl250.0_pr25.0,8.99,0.240353055810223,30,300
7,pair_w250_pw0.1,8.99,0.24041005544184307,33,300
7,blend_w60_lw0.5,8.976666666666667,0.24004315188605338,34,300
7,blend_w60_lw0.25,8.976666666666667,0.2401841818325846,41,300
7,marg_w250_hl125.0_pr100.0,8.976666666666667,0.24041005544184307,32,300
7,marg_w250_hl125.0_pr25.0,8.976666666666667,0.24085777634789612,32,300
7,blend_w120_lw0.5,8.973333333333333,0.24008449601671217,38,300
7,pair_w60_pw0.1,8.96,0.2403636236246844,41,300
7,pair_w60_pw0.25,8.96,0.2403636236246844,43,300
7,marg_w120_hlNone_pr100.0,8.96,0.24064530027548206,31,300
7,marg_w120_hlNone_pr25.0,8.96,0.2414065414189457,31,300
7,repeatmix_rw0.25,8.953333333333333,0.2403636236246844,37,300
7,repeatmix_rw0.5,8.946666666666667,0.2403636236246844,38,300
7,pair_w120_pw0.25,8.946666666666667,0.24044875056879572,30,300
7,blend_w120_lw0.25,8.94,0.2402471125346204,34,300
7,pair_w120_pw0.1,8.926666666666666,0.24044875056879572,29,300
7,blend_w30_lw0.25,8.91,0.24015295100693662,38,300
7,repeatmix_rw0.1,8.903333333333334,0.2403636236246844,29,300
7,marg_w120_hl60.0_pr100.0,8.903333333333334,0.24044875056879572,30,300
7,marg_w120_hl60.0_pr25.0,8.903333333333334,0.2413247010153781,30,300
7,marg_w30_hl15_pr100.0,8.896666666666667,0.24031176582071603,31,300
7,marg_w30_hl15_pr25.0,8.896666666666667,0.2417693673162188,31,300
7,marg_w30_hlNone_pr100.0,8.883333333333333,0.24061016173570018,32,300
7,marg_w30_hlNone_pr25.0,8.883333333333333,0.2427410688705234,32,300
8,marg_w500_hlNone_pr100.0,9.123333333333333,0.24007448666666667,39,300
8,marg_w500_hlNone_pr25.0,9.123333333333333,0.24017021387755097,39,300
8,marg_wNone_hlNone_pr100.0,9.08,0.23992676092803197,34,300
8,marg_wNone_hlNone_pr25.0,9.08,0.23992894764606543,34,300
8,pair_w120_pw0.25,9.08,0.24018949265294845,36,300
8,marg_w30_hlNone_pr100.0,9.073333333333334,0.24027140039447734,31,300
8,marg_w30_hlNone_pr25.0,9.073333333333334,0.24210468319559225,31,300
8,blend_w120_lw0.25,9.066666666666666,0.24004722507249776,35,300
8,pair_w60_pw0.25,9.063333333333333,0.24019162847795628,34,300
8,pair_w120_pw0.1,9.06,0.24018949265294845,35,300
8,marg_w120_hlNone_pr100.0,9.06,0.2403732231404959,28,300
8,marg_w120_hlNone_pr25.0,9.06,0.24111505350772888,28,300
8,marg_w500_hl250.0_pr100.0,9.056666666666667,0.24015331979756288,37,300
8,marg_w500_hl250.0_pr25.0,9.056666666666667,0.2403361876291563,37,300
8,marg_w30_hl15_pr100.0,9.053333333333333,0.2400531080154807,37,300
8,marg_w30_hl15_pr25.0,9.053333333333333,0.2411497015983501,37,300
8,marg_w120_hl60.0_pr100.0,9.05,0.24018949265294845,36,300
8,marg_w60_hl30.0_pr100.0,9.05,0.24019162847795628,36,300
8,marg_w60_hlNone_pr100.0,9.05,0.24056307291666665,34,300
8,marg_w120_hl60.0_pr25.0,9.05,0.24097328380727817,36,300
8,marg_w60_hl30.0_pr25.0,9.05,0.24135179501075593,36,300
8,marg_w60_hlNone_pr25.0,9.05,0.2420892272202999,34,300
8,pair_w60_pw0.1,9.043333333333333,0.24019162847795628,33,300
8,blend_w60_lw0.75,9.04,0.23992399999603103,34,300
8,blend_w30_lw0.25,9.026666666666667,0.2399642979240582,34,300
8,blend_w60_lw0.25,9.026666666666667,0.24005643377099317,32,300
8,blend_w120_lw0.75,9.02,0.23991585921003955,31,300
8,blend_w120_lw0.5,9.013333333333334,0.23995601392486152,29,300
8,blend_w60_lw0.5,9.013333333333334,0.2399672242770181,30,300
8,blend_w30_lw0.5,9.01,0.2399136367123426,32,300
8,marg_w250_hlNone_pr100.0,9.01,0.24064092952380955,30,300
8,marg_w250_hlNone_pr25.0,9.01,0.24103211724517906,30,300
8,repeatmix_rw0.25,8.993333333333334,0.24019162847795628,33,300
8,repeatmix_rw0.5,8.993333333333334,0.24019162847795628,31,300
8,marg_w250_hl125.0_pr100.0,8.993333333333334,0.24038562597537133,34,300
8,marg_w250_hl125.0_pr25.0,8.993333333333334,0.24087169540548384,34,300
8,blend_w30_lw0.75,8.983333333333333,0.23990112438033379,30,300
8,repeatmix_rw0.1,8.966666666666667,0.24019162847795628,30,300
8,pair_w250_pw0.25,8.966666666666667,0.24038562597537133,37,300
8,pair_w250_pw0.1,8.963333333333333,0.24038562597537133,35,300
9,marg_w60_hl30.0_pr100.0,9.056666666666667,0.2402677724556763,34,300
9,marg_w60_hl30.0_pr25.0,9.056666666666667,0.24143293259171444,34,300
9,repeatmix_rw0.1,9.053333333333333,0.2402677724556763,33,300
9,marg_w500_hl250.0_pr100.0,9.046666666666667,0.24036314664120675,39,300
9,marg_w500_hl250.0_pr25.0,9.046666666666667,0.24052763002273422,39,300
9,blend_w60_lw0.5,9.043333333333333,0.2400516728626231,32,300
9,marg_w60_hlNone_pr100.0,9.04,0.24050417708333333,38,300
9,marg_w60_hlNone_pr25.0,9.04,0.241852862745098,38,300
9,marg_w30_hlNone_pr100.0,9.033333333333333,0.24035253648915186,30,300
9,marg_w30_hlNone_pr25.0,9.033333333333333,0.24216788980716256,30,300
9,pair_w60_pw0.1,9.026666666666667,0.2402677724556763,38,300
9,marg_w500_hlNone_pr100.0,9.016666666666667,0.2402953140740741,33,300
9,marg_w500_hlNone_pr25.0,9.016666666666667,0.24038179797430084,33,300
9,blend_w60_lw0.25,9.003333333333334,0.24013621431494944,38,300
9,blend_w120_lw0.5,9.0,0.24009981468326258,27,300
9,repeatmix_rw0.25,8.996666666666666,0.2402677724556763,37,300
9,repeatmix_rw0.5,8.996666666666666,0.2402677724556763,37,300
9,marg_w30_hl15_pr100.0,8.993333333333334,0.24018789345518818,32,300
9,marg_w30_hl15_pr25.0,8.993333333333334,0.2414512441040867,32,300
9,pair_w60_pw0.25,8.99,0.2402677724556763,36,300
9,blend_w60_lw0.75,8.986666666666666,0.24001414809869734,39,300
9,marg_wNone_hlNone_pr100.0,8.986666666666666,0.2400236400231721,37,300
9,marg_wNone_hlNone_pr25.0,8.986666666666666,0.24002745888363083,37,300
9,marg_w250_hl125.0_pr100.0,8.983333333333333,0.2405329476569897,31,300
9,marg_w250_hl125.0_pr25.0,8.983333333333333,0.2409951027688549,31,300
9,blend_w120_lw0.75,8.973333333333333,0.24003544788382958,35,300
9,blend_w30_lw0.25,8.973333333333333,0.2400899376796787,30,300
9,pair_w250_pw0.1,8.97,0.2405329476569897,28,300
9,blend_w120_lw0.25,8.966666666666667,0.24021674042147118,28,300
9,pair_w250_pw0.25,8.966666666666667,0.2405329476569897,29,300
9,marg_w120_hl60.0_pr100.0,8.963333333333333,0.24038622509845534,31,300
9,marg_w120_hl60.0_pr25.0,8.963333333333333,0.24122399049419915,31,300
9,blend_w30_lw0.5,8.946666666666667,0.24002991018250622,28,300
9,marg_w120_hlNone_pr100.0,8.943333333333333,0.2406437355371901,31,300
9,marg_w120_hlNone_pr25.0,8.943333333333333,0.24141150059453034,31,300
9,blend_w30_lw0.75,8.94,0.24000781096367074,34,300
9,pair_w120_pw0.25,8.94,0.24038622509845534,30,300
9,pair_w120_pw0.1,8.936666666666667,0.24038622509845534,30,300
9,marg_w250_hlNone_pr100.0,8.91,0.24077262585034012,24,300
9,marg_w250_hlNone_pr25.0,8.91,0.24112749311294768,24,300
